番号,緯度,経度,住所,区ID,管理区,砂箱ID,用途,
1,43.071135 ,141.333018 ,北海道札幌市中央区北十一条西１４丁目１,01101,中央区,1,歩道用,
2,43.071051 ,141.333212 ,北海道札幌市中央区北十一条西１３丁目１,01101,中央区,1,歩道用,
3,43.070889 ,141.333084 ,北海道札幌市中央区北十一条西１５丁目２,01101,中央区,1,歩道用,
4,43.071002 ,141.332911 ,北海道札幌市中央区北十一条西１５丁目１,01101,中央区,1,歩道用,
5,43.066874 ,141.350579 ,北海道札幌市中央区北五条西３丁目,01101,中央区,2-1,歩道用,
6,43.066699 ,141.350761 ,北海道札幌市中央区北四条西３丁目,01101,中央区,2-2,歩道用,
7,43.066608 ,141.350676 ,北海道札幌市中央区北四条西３丁目,01101,中央区,2-3,歩道用,
8,43.066570 ,141.350404 ,北海道札幌市中央区北四条西４丁目,01101,中央区,2-4,歩道用,
9,43.066632 ,141.350259 ,北海道札幌市中央区北四条西４丁目,01101,中央区,2-5,歩道用,
10,43.066820 ,141.350163 ,北海道札幌市中央区北五条西４丁目,01101,中央区,2-6,歩道用,
11,43.065739 ,141.350894 ,北海道札幌市中央区北四条西３丁目,01101,中央区,3-1,歩道用,
12,43.065676 ,141.351029 ,北海道札幌市中央区北四条西３丁目,01101,中央区,3-2,歩道用,
13,43.065531 ,141.351057 ,北海道札幌市中央区北三条西３丁目,01101,中央区,3-3,歩道用,
14,43.065452 ,141.350970 ,北海道札幌市中央区北三条西３丁目,01101,中央区,3-4,歩道用,
15,43.065419 ,141.350718 ,北海道札幌市中央区北三条西４丁目,01101,中央区,3-5,歩道用,
16,43.065467 ,141.350592 ,北海道札幌市中央区北三条西４丁目,01101,中央区,3-6,歩道用,
17,43.065613 ,141.350556 ,北海道札幌市中央区北四条西４丁目,01101,中央区,3-7,歩道用,
18,43.065701 ,141.350650 ,北海道札幌市中央区北四条西４丁目,01101,中央区,3-8,歩道用,
19,43.064540 ,141.351196 ,北海道札幌市中央区北三条西３丁目,01101,中央区,4-1,歩道用,
20,43.064479 ,141.351338 ,北海道札幌市中央区北三条西３丁目,01101,中央区,4-2,歩道用,
21,43.064313 ,141.351380 ,北海道札幌市中央区北三条西３丁目,01101,中央区,4-3,歩道用,
22,43.064232 ,141.351277 ,北海道札幌市中央区北三条西３丁目,01101,中央区,4-4,歩道用,
23,43.064198 ,141.351033 ,北海道札幌市中央区北三条西４丁目,01101,中央区,4-5,歩道用,
24,43.064254 ,141.350919 ,北海道札幌市中央区北三条西４丁目,01101,中央区,4-6,歩道用,
25,43.064410 ,141.350877 ,北海道札幌市中央区北三条西４丁目,01101,中央区,4-7,歩道用,
26,43.064521 ,141.350949 ,北海道札幌市中央区北三条西４丁目,01101,中央区,4-8,歩道用,
27,43.063327 ,141.351509 ,北海道札幌市中央区北二条西３丁目,01101,中央区,5-1,歩道用,
28,43.063277 ,141.351633 ,北海道札幌市中央区北二条西３丁目,01101,中央区,5-2,歩道用,
29,43.063159 ,141.351658 ,北海道札幌市中央区北二条西３丁目,01101,中央区,5-3,歩道用,
30,43.063082 ,141.351567 ,北海道札幌市中央区北一条西３丁目,01101,中央区,5-4,歩道用,
31,43.063047 ,141.351318 ,北海道札幌市中央区北一条西４丁目,01101,中央区,5-5,歩道用,
32,43.063096 ,141.351191 ,北海道札幌市中央区北二条西４丁目,01101,中央区,5-6,歩道用,
33,43.063212 ,141.351163 ,北海道札幌市中央区北二条西４丁目,01101,中央区,5-7,歩道用,
34,43.063290 ,141.351258 ,北海道札幌市中央区北二条西４丁目,01101,中央区,5-8,歩道用,
35,43.055604 ,141.351617 ,北海道札幌市中央区南四条西５丁目,01101,中央区,6-4,歩道用,
36,43.055634 ,141.351860 ,北海道札幌市中央区南四条西４丁目,01101,中央区,6-1,歩道用,
37,43.055297 ,141.351906 ,北海道札幌市中央区南四条西４丁目,01101,中央区,6-2,歩道用,
38,43.055279 ,141.351679 ,北海道札幌市中央区南四条西５丁目,01101,中央区,6-3,歩道用,
39,43.054481 ,141.353467 ,北海道札幌市中央区南五条西４丁目,01101,中央区,7-4,歩道用,
40,43.054517 ,141.353738 ,北海道札幌市中央区南五条西３丁目,01101,中央区,7-1,歩道用,
41,43.054352 ,141.353760 ,北海道札幌市中央区南五条西３丁目,01101,中央区,7-2,歩道用,
42,43.054324 ,141.353503 ,北海道札幌市中央区南五条西４丁目,01101,中央区,7-3,歩道用,
43,43.061175 ,141.353642 ,北海道札幌市中央区大通西２丁目,01101,中央区,8-1,歩道用,
44,43.060980 ,141.353704 ,北海道札幌市中央区大通西２丁目,01101,中央区,8-2,歩道用,
45,43.061004 ,141.353462 ,北海道札幌市中央区大通西３丁目,01101,中央区,8-3,歩道用,
46,43.061143 ,141.353433 ,北海道札幌市中央区大通西３丁目,01101,中央区,8-4,歩道用,
47,43.060617 ,141.353771 ,北海道札幌市中央区大通西２丁目,01101,中央区,9-1,歩道用,
48,43.060229 ,141.353865 ,北海道札幌市中央区大通西２丁目,01101,中央区,9-2,歩道用,
49,43.060207 ,141.353697 ,北海道札幌市中央区大通西３丁目,01101,中央区,9-3,歩道用,
50,43.060592 ,141.353598 ,北海道札幌市中央区大通西３丁目,01101,中央区,9-4,歩道用,
51,43.061359 ,141.354998 ,北海道札幌市中央区大通西２丁目,01101,中央区,10-1,歩道用,
52,43.061405 ,141.355287 ,北海道札幌市中央区大通西１丁目,01101,中央区,10-2,歩道用,
53,43.061167 ,141.355059 ,北海道札幌市中央区大通西２丁目,01101,中央区,10-3,歩道用,
54,43.060679 ,141.355449 ,北海道札幌市中央区大通西１丁目,01101,中央区,11-1,歩道用,
55,43.060530 ,141.355484 ,北海道札幌市中央区大通西１丁目,01101,中央区,11-2,歩道用,
56,43.060496 ,141.355226 ,北海道札幌市中央区大通西２丁目,01101,中央区,11-3,歩道用,
57,43.040335 ,141.355984 ,北海道札幌市中央区中島公園１,01101,中央区,12,歩道用,
58,43.040240 ,141.356208 ,北海道札幌市中央区南十五条西１丁目１,01101,中央区,12,歩道用,
59,43.040023 ,141.356153 ,北海道札幌市中央区南十六条西１丁目１,01101,中央区,12,歩道用,
60,43.040206 ,141.355954 ,北海道札幌市中央区南十五条西４丁目１,01101,中央区,12,歩道用,
61,43.048932 ,141.354878 ,北海道札幌市中央区南九条西４丁目１,01101,中央区,13,歩道用,
62,43.048965 ,141.355149 ,北海道札幌市中央区南九条西３丁目２,01101,中央区,13,歩道用,
63,43.048782 ,141.355182 ,北海道札幌市中央区南十条西３丁目１,01101,中央区,13,歩道用,
64,43.048746 ,141.354896 ,北海道札幌市中央区中島公園１,01101,中央区,13,歩道用,
65,43.056738 ,141.335199 ,北海道札幌市中央区南一条西１５丁目,01101,中央区,14,歩道用,
66,43.056764 ,141.335395 ,北海道札幌市中央区南一条西１４丁目,01101,中央区,14,歩道用,
67,43.056557 ,141.335441 ,北海道札幌市中央区南一条西１４丁目,01101,中央区,14,歩道用,
68,43.056542 ,141.335107 ,北海道札幌市中央区南一条西１５丁目,01101,中央区,14,歩道用,
69,43.057294 ,141.330227 ,北海道札幌市中央区大通西１８丁目,01101,中央区,15,歩道用,
70,43.057327 ,141.330443 ,北海道札幌市中央区大通西１７丁目,01101,中央区,15,歩道用,
71,43.057109 ,141.330471 ,北海道札幌市中央区大通西１７丁目,01101,中央区,15,歩道用,
72,43.057090 ,141.330295 ,北海道札幌市中央区大通西１８丁目,01101,中央区,15,歩道用,
73,43.055333 ,141.315768 ,北海道札幌市中央区大通西２８丁目１,01101,中央区,16,歩道用,
74,43.055402 ,141.316105 ,北海道札幌市中央区大通西２７丁目１,01101,中央区,16,歩道用,
75,43.055172 ,141.316145 ,北海道札幌市中央区南一条西２７丁目１,01101,中央区,16,歩道用,
76,43.055159 ,141.315823 ,北海道札幌市中央区南一条西２８丁目１,01101,中央区,16,歩道用,
77,43.061901 ,141.314230 ,北海道札幌市中央区北五条西２８丁目１,01101,中央区,17-1,歩道用,
78,43.061936 ,141.314538 ,北海道札幌市中央区北五条西２７丁目２,01101,中央区,17-4,歩道用,
79,43.061763 ,141.314587 ,北海道札幌市中央区北四条西２７丁目３,01101,中央区,17-3,歩道用,
80,43.061730 ,141.314266 ,北海道札幌市中央区北四条西２８丁目１,01101,中央区,17-2,歩道用,
81,43.063488 ,141.353049 ,北海道札幌市中央区北二条西２丁目,01101,中央区,18-1,歩道用,
82,43.063341 ,141.353087 ,北海道札幌市中央区北一条西２丁目,01101,中央区,18-2,歩道用,
83,43.063318 ,141.352894 ,北海道札幌市中央区北一条西３丁目,01101,中央区,18-3,歩道用,
84,43.063667 ,141.354425 ,北海道札幌市中央区北二条西２丁目,01101,中央区,19,歩道用,
85,43.063707 ,141.354698 ,北海道札幌市中央区北二条西１丁目,01101,中央区,19,歩道用,
86,43.063520 ,141.354457 ,北海道札幌市中央区北一条西２丁目,01101,中央区,19,歩道用,
87,43.063555 ,141.354728 ,北海道札幌市中央区北一条西１丁目,01101,中央区,19,歩道用,
88,43.060752 ,141.350289 ,北海道札幌市中央区大通西５丁目,01101,中央区,20,歩道用,
89,43.060777 ,141.350516 ,北海道札幌市中央区大通西４丁目,01101,中央区,20,歩道用,
90,43.060631 ,141.350545 ,北海道札幌市中央区大通西４丁目,01101,中央区,20,歩道用,
91,43.060603 ,141.350349 ,北海道札幌市中央区大通西５丁目,01101,中央区,20,歩道用,
92,43.059995 ,141.350491 ,北海道札幌市中央区大通西５丁目,01101,中央区,21,歩道用,
93,43.060025 ,141.350705 ,北海道札幌市中央区大通西４丁目,01101,中央区,21,歩道用,
94,43.059873 ,141.350729 ,北海道札幌市中央区大通西４丁目,01101,中央区,21,歩道用,
95,43.059845 ,141.350538 ,北海道札幌市中央区大通西５丁目,01101,中央区,21,歩道用,
96,43.058856 ,141.350784 ,北海道札幌市中央区南一条西５丁目,01101,中央区,22,歩道用,
97,43.058881 ,141.350985 ,北海道札幌市中央区南一条西４丁目,01101,中央区,22,歩道用,
98,43.058721 ,141.351040 ,北海道札幌市中央区南一条西４丁目,01101,中央区,22,歩道用,
99,43.058712 ,141.350855 ,北海道札幌市中央区南一条西５丁目,01101,中央区,22,歩道用,
100,43.057697 ,141.351103 ,北海道札幌市中央区南二条西５丁目,01101,中央区,23,歩道用,
101,43.057720 ,141.351312 ,北海道札幌市中央区南二条西４丁目,01101,中央区,23,歩道用,
102,43.057582 ,141.351334 ,北海道札幌市中央区南二条西４丁目,01101,中央区,23,歩道用,
103,43.057555 ,141.351142 ,北海道札幌市中央区南二条西５丁目,01101,中央区,23,歩道用,
104,43.058117 ,141.354213 ,北海道札幌市中央区南二条西３丁目,01101,中央区,24-4,歩道用,
105,43.058145 ,141.354434 ,北海道札幌市中央区南二条西２丁目,01101,中央区,24-1,歩道用,
106,43.058003 ,141.354458 ,北海道札幌市中央区南二条西２丁目,01101,中央区,24-2,歩道用,
107,43.057990 ,141.354252 ,北海道札幌市中央区南二条西３丁目,01101,中央区,24-3,歩道用,
108,43.058334 ,141.355813 ,北海道札幌市中央区南二条西２丁目,01101,中央区,25,歩道用,
109,43.058364 ,141.356023 ,北海道札幌市中央区南二条西１丁目,01101,中央区,25,歩道用,
110,43.058213 ,141.356056 ,北海道札幌市中央区南二条西１丁目,01101,中央区,25,歩道用,
111,43.058192 ,141.355854 ,北海道札幌市中央区南二条西２丁目,01101,中央区,25,歩道用,
112,43.056332 ,141.349802 ,北海道札幌市中央区南三条西６丁目,01101,中央区,26,歩道用,
113,43.056360 ,141.350008 ,北海道札幌市中央区南三条西５丁目,01101,中央区,26,歩道用,
114,43.056214 ,141.350027 ,北海道札幌市中央区南三条西５丁目,01101,中央区,26,歩道用,
115,43.056190 ,141.349836 ,北海道札幌市中央区南三条西６丁目,01101,中央区,26,歩道用,
116,43.056547 ,141.351395 ,北海道札幌市中央区南三条西５丁目,01101,中央区,27,歩道用,
117,43.056572 ,141.351597 ,北海道札幌市中央区南三条西４丁目,01101,中央区,27,歩道用,
118,43.056440 ,141.351624 ,北海道札幌市中央区南三条西４丁目,01101,中央区,27,歩道用,
119,43.056407 ,141.351433 ,北海道札幌市中央区南三条西５丁目,01101,中央区,27,歩道用,
120,43.056970 ,141.354516 ,北海道札幌市中央区南三条西３丁目,01101,中央区,28-4,歩道用,
121,43.057006 ,141.354716 ,北海道札幌市中央区南三条西２丁目,01101,中央区,28-1,歩道用,
122,43.056852 ,141.354749 ,北海道札幌市中央区南三条西２丁目,01101,中央区,28-2,歩道用,
123,43.056846 ,141.354553 ,北海道札幌市中央区南三条西３丁目,01101,中央区,28-3,歩道用,
124,43.057177 ,141.356100 ,北海道札幌市中央区南三条西２丁目,01101,中央区,29,歩道用,
125,43.057205 ,141.356303 ,北海道札幌市中央区南三条西１丁目,01101,中央区,29,歩道用,
126,43.057068 ,141.356338 ,北海道札幌市中央区南三条西１丁目,01101,中央区,29,歩道用,
127,43.057048 ,141.356149 ,北海道札幌市中央区南三条西２丁目,01101,中央区,29,歩道用,
128,43.054267 ,141.351958 ,北海道札幌市中央区南五条西５丁目,01101,中央区,30-4,歩道用,
129,43.054289 ,141.352141 ,北海道札幌市中央区南五条西４丁目,01101,中央区,30-1,歩道用,
130,43.054143 ,141.352168 ,北海道札幌市中央区南五条西４丁目,01101,中央区,30-2,歩道用,
131,43.054127 ,141.352005 ,北海道札幌市中央区南五条西５丁目,01101,中央区,30-3,歩道用,
132,43.054679 ,141.355029 ,北海道札幌市中央区南五条西３丁目,01101,中央区,31,歩道用,
133,43.054712 ,141.355267 ,北海道札幌市中央区南五条西２丁目,01101,中央区,31,歩道用,
134,43.054568 ,141.355300 ,北海道札幌市中央区南五条西２丁目,01101,中央区,31,歩道用,
135,43.054537 ,141.355070 ,北海道札幌市中央区南五条西３丁目,01101,中央区,31,歩道用,
136,43.054899 ,141.356671 ,北海道札幌市中央区南五条西２丁目,01101,中央区,32,歩道用,
137,43.054926 ,141.356857 ,北海道札幌市中央区南五条西１丁目,01101,中央区,32,歩道用,
138,43.054781 ,141.356928 ,北海道札幌市中央区南五条西１丁目,01101,中央区,32,歩道用,
139,43.054759 ,141.356695 ,北海道札幌市中央区南五条西２丁目,01101,中央区,32,歩道用,
140,43.053362 ,141.354012 ,北海道札幌市中央区南六条西３丁目,01101,中央区,33,歩道用,
141,43.053202 ,141.354051 ,北海道札幌市中央区南六条西３丁目,01101,中央区,33,歩道用,
142,43.053171 ,141.353826 ,北海道札幌市中央区南六条西４丁目,01101,中央区,33,歩道用,
143,43.053315 ,141.353779 ,北海道札幌市中央区南六条西４丁目,01101,中央区,33,歩道用,
144,43.052173 ,141.354074 ,北海道札幌市中央区南七条西４丁目,01101,中央区,34,歩道用,
145,43.052204 ,141.354309 ,北海道札幌市中央区南七条西３丁目,01101,中央区,34,歩道用,
146,43.052057 ,141.354344 ,北海道札幌市中央区南七条西３丁目,01101,中央区,34,歩道用,
147,43.052028 ,141.354102 ,北海道札幌市中央区南七条西４丁目,01101,中央区,34,歩道用,
148,43.068301 ,141.377543 ,北海道札幌市中央区北三条東１３丁目,01101,中央区,35,歩道用,
149,43.068393 ,141.377863 ,北海道札幌市中央区北三条東１３丁目,01101,中央区,35,歩道用,
150,43.068238 ,141.377941 ,北海道札幌市中央区北三条東１３丁目,01101,中央区,35,歩道用,
151,43.068136 ,141.377622 ,北海道札幌市中央区北三条東１３丁目,01101,中央区,35,歩道用,
152,43.057797 ,141.315199 ,北海道札幌市中央区北一条西２８丁目７,01101,中央区,36,歩道用,
153,43.057810 ,141.315514 ,北海道札幌市中央区北一条西２７丁目５,01101,中央区,36,歩道用,
154,43.057635 ,141.315547 ,北海道札幌市中央区北一条西２７丁目２,01101,中央区,36,歩道用,
155,43.057567 ,141.315251 ,北海道札幌市中央区北一条西２８丁目１,01101,中央区,36,歩道用,
156,43.058436 ,141.319672 ,北海道札幌市中央区北一条西２５丁目２,01101,中央区,37,歩道用,
157,43.058458 ,141.319957 ,北海道札幌市中央区北一条西２４丁目４,01101,中央区,37,歩道用,
158,43.058266 ,141.319949 ,北海道札幌市中央区北一条西２４丁目２,01101,中央区,37,歩道用,
159,43.058267 ,141.319722 ,北海道札幌市中央区北一条西２５丁目１,01101,中央区,37,歩道用,
160,43.070931 ,141.329580 ,北海道札幌市中央区北十条西１５丁目,01101,中央区,38,歩道用,
161,43.070824 ,141.329490 ,北海道札幌市中央区北十条西１５丁目,01101,中央区,38,歩道用,
162,43.070497 ,141.330593 ,北海道札幌市中央区北十条西１５丁目,01101,中央区,38,歩道用,
163,43.070382 ,141.330509 ,北海道札幌市中央区北十条西１５丁目,01101,中央区,38,歩道用,
164,43.066629 ,141.348776 ,北海道札幌市中央区北五条西５丁目,01101,中央区,39-4,歩道用,
165,43.066712 ,141.349045 ,北海道札幌市中央区北五条西４丁目,01101,中央区,39-1,歩道用,
166,43.066465 ,141.349093 ,北海道札幌市中央区北四条西４丁目,01101,中央区,39-2,歩道用,
167,43.066416 ,141.348877 ,北海道札幌市中央区北四条西５丁目,01101,中央区,39-3,歩道用,
168,43.067079 ,141.351850 ,北海道札幌市中央区北五条西３丁目,01101,中央区,40,歩道用,
169,43.067066 ,141.352158 ,北海道札幌市中央区北五条西２丁目,01101,中央区,40,歩道用,
170,43.066876 ,141.352226 ,北海道札幌市中央区北四条西２丁目,01101,中央区,40,歩道用,
171,43.066849 ,141.351993 ,北海道札幌市中央区北四条西３丁目,01101,中央区,40,歩道用,
172,43.065241 ,141.347555 ,北海道札幌市中央区北四条西６丁目,01101,中央区,41,歩道用,
173,43.065090 ,141.347872 ,北海道札幌市中央区北三条西５丁目,01101,中央区,41,歩道用,
174,43.065275 ,141.347767 ,北海道札幌市中央区北四条西５丁目,01101,中央区,41,歩道用,
175,43.065037 ,141.347540 ,北海道札幌市中央区北三条西６丁目,01101,中央区,41,歩道用,
176,43.065457 ,141.349124 ,北海道札幌市中央区北四条西５丁目,01101,中央区,42,歩道用,
177,43.065471 ,141.349346 ,北海道札幌市中央区北四条西４丁目,01101,中央区,42,歩道用,
178,43.065289 ,141.349375 ,北海道札幌市中央区北三条西４丁目,01101,中央区,42,歩道用,
179,43.065253 ,141.349166 ,北海道札幌市中央区北三条西５丁目,01101,中央区,42,歩道用,
180,43.065854 ,141.352247 ,北海道札幌市中央区北四条西３丁目,01101,中央区,43,歩道用,
181,43.065887 ,141.352464 ,北海道札幌市中央区北四条西２丁目,01101,中央区,43,歩道用,
182,43.065706 ,141.352496 ,北海道札幌市中央区北三条西２丁目,01101,中央区,43,歩道用,
183,43.065685 ,141.352295 ,北海道札幌市中央区北三条西３丁目,01101,中央区,43,歩道用,
184,43.063949 ,141.349521 ,北海道札幌市中央区北二条西５丁目,01101,中央区,44,歩道用,
185,43.064337 ,141.349420 ,北海道札幌市中央区北三条西５丁目,01101,中央区,44,歩道用,
186,43.064361 ,141.349604 ,北海道札幌市中央区北三条西４丁目,01101,中央区,44,歩道用,
187,43.063971 ,141.349699 ,北海道札幌市中央区北二条西４丁目,01101,中央区,44,歩道用,
188,43.064667 ,141.352548 ,北海道札幌市中央区北三条西３丁目,01101,中央区,45,歩道用,
189,43.064704 ,141.352777 ,北海道札幌市中央区北三条西２丁目,01101,中央区,45,歩道用,
190,43.064495 ,141.352804 ,北海道札幌市中央区北三条西２丁目,01101,中央区,45,歩道用,
191,43.064475 ,141.352585 ,北海道札幌市中央区北三条西３丁目,01101,中央区,45,歩道用,
192,43.062826 ,141.348174 ,北海道札幌市中央区北二条西６丁目,01101,中央区,46,歩道用,
193,43.062850 ,141.348363 ,北海道札幌市中央区北二条西５丁目,01101,中央区,46,歩道用,
194,43.062714 ,141.348396 ,北海道札幌市中央区北一条西５丁目,01101,中央区,46,歩道用,
195,43.062693 ,141.348212 ,北海道札幌市中央区北一条西６丁目,01101,中央区,46,歩道用,
196,43.063046 ,141.349727 ,北海道札幌市中央区北二条西５丁目,01101,中央区,47,歩道用,
197,43.063068 ,141.349939 ,北海道札幌市中央区北二条西４丁目,01101,中央区,47,歩道用,
198,43.062923 ,141.349953 ,北海道札幌市中央区北一条西４丁目,01101,中央区,47,歩道用,
199,43.062902 ,141.349764 ,北海道札幌市中央区北一条西５丁目,01101,中央区,47,歩道用,
200,43.061695 ,141.361899 ,北海道札幌市中央区大通東３丁目,01101,中央区,48-4,歩道用,
201,43.061429 ,141.362198 ,北海道札幌市中央区南一条東４丁目,01101,中央区,48-2,歩道用,
202,43.053534 ,141.355348 ,北海道札幌市中央区南六条西３丁目,01101,中央区,49,歩道用,
203,43.053561 ,141.355569 ,北海道札幌市中央区南六条西２丁目,01101,中央区,49,歩道用,
204,43.053426 ,141.355601 ,北海道札幌市中央区南六条西２丁目,01101,中央区,49,歩道用,
205,43.053394 ,141.355397 ,北海道札幌市中央区南六条西３丁目,01101,中央区,49,歩道用,
206,43.053751 ,141.356922 ,北海道札幌市中央区南六条西２丁目,01101,中央区,50,歩道用,
207,43.053795 ,141.357205 ,北海道札幌市中央区南六条西１丁目,01101,中央区,50,歩道用,
208,43.053652 ,141.357216 ,北海道札幌市中央区南六条西１丁目,01101,中央区,50,歩道用,
209,43.053613 ,141.356987 ,北海道札幌市中央区南六条西２丁目,01101,中央区,50,歩道用,
210,43.059519 ,141.355746 ,北海道札幌市中央区南一条西１丁目,01101,中央区,51,歩道用,
211,43.059354 ,141.355767 ,北海道札幌市中央区南一条西１丁目,01101,中央区,51,歩道用,
212,43.059333 ,141.355578 ,北海道札幌市中央区南一条西１丁目,01101,中央区,51,歩道用,
213,43.059478 ,141.355487 ,北海道札幌市中央区南一条西２丁目,01101,中央区,51,歩道用,
214,43.059274 ,141.353877 ,北海道札幌市中央区南一条西３丁目,01101,中央区,52-4,歩道用,
215,43.059308 ,141.354131 ,北海道札幌市中央区南一条西２丁目,01101,中央区,52-1,歩道用,
216,43.059138 ,141.354162 ,北海道札幌市中央区南一条西２丁目,01101,中央区,52-2,歩道用,
217,43.059119 ,141.353963 ,北海道札幌市中央区南一条西３丁目,01101,中央区,52-3,歩道用,
218,43.060540 ,141.348714 ,北海道札幌市中央区大通西６丁目,01101,中央区,53,歩道用,
219,43.060567 ,141.348954 ,北海道札幌市中央区大通西５丁目,01101,中央区,53,歩道用,
220,43.060425 ,141.348984 ,北海道札幌市中央区大通西５丁目,01101,中央区,53,歩道用,
221,43.060400 ,141.348786 ,北海道札幌市中央区大通西６丁目,01101,中央区,53,歩道用,
222,43.059779 ,141.348925 ,北海道札幌市中央区大通西６丁目,01101,中央区,54,歩道用,
223,43.059811 ,141.349130 ,北海道札幌市中央区大通西５丁目,01101,中央区,54,歩道用,
224,43.059664 ,141.349157 ,北海道札幌市中央区大通西５丁目,01101,中央区,54,歩道用,
225,43.059641 ,141.348962 ,北海道札幌市中央区大通西６丁目,01101,中央区,54,歩道用,
226,43.058647 ,141.349221 ,北海道札幌市中央区南一条西６丁目,01101,中央区,55,歩道用,
227,43.058672 ,141.349420 ,北海道札幌市中央区南一条西５丁目,01101,中央区,55,歩道用,
228,43.058513 ,141.349451 ,北海道札幌市中央区南一条西５丁目,01101,中央区,55,歩道用,
229,43.058491 ,141.349262 ,北海道札幌市中央区南一条西６丁目,01101,中央区,55,歩道用,
230,43.057482 ,141.349490 ,北海道札幌市中央区南二条西６丁目,01101,中央区,56,歩道用,
231,43.057508 ,141.349719 ,北海道札幌市中央区南二条西５丁目,01101,中央区,56,歩道用,
232,43.057363 ,141.349738 ,北海道札幌市中央区南二条西５丁目,01101,中央区,56,歩道用,
233,43.057343 ,141.349548 ,北海道札幌市中央区南二条西６丁目,01101,中央区,56,歩道用,
234,43.055397 ,141.350009 ,北海道札幌市中央区南四条西６丁目,01101,中央区,57,歩道用,
235,43.055427 ,141.350262 ,北海道札幌市中央区南四条西５丁目,01101,中央区,57,歩道用,
236,43.055081 ,141.350324 ,北海道札幌市中央区南四条西５丁目,01101,中央区,57,歩道用,
237,43.055067 ,141.350085 ,北海道札幌市中央区南四条西６丁目,01101,中央区,57,歩道用,
238,43.054051 ,141.350366 ,北海道札幌市中央区南五条西６丁目,01101,中央区,58,歩道用,
239,43.054078 ,141.350575 ,北海道札幌市中央区南五条西５丁目,01101,中央区,58,歩道用,
240,43.053927 ,141.350599 ,北海道札幌市中央区南五条西５丁目,01101,中央区,58,歩道用,
241,43.053906 ,141.350410 ,北海道札幌市中央区南五条西６丁目,01101,中央区,58,歩道用,
242,43.053115 ,141.352275 ,北海道札幌市中央区南六条西５丁目,01101,中央区,59,歩道用,
243,43.053114 ,141.352443 ,北海道札幌市中央区南六条西４丁目,01101,中央区,59,歩道用,
244,43.052988 ,141.352484 ,北海道札幌市中央区南六条西４丁目,01101,中央区,59,歩道用,
245,43.052970 ,141.352295 ,北海道札幌市中央区南六条西５丁目,01101,中央区,59,歩道用,
246,43.052894 ,141.350678 ,北海道札幌市中央区南六条西６丁目,01101,中央区,60,歩道用,
247,43.052927 ,141.350872 ,北海道札幌市中央区南六条西５丁目,01101,中央区,60,歩道用,
248,43.052778 ,141.350909 ,北海道札幌市中央区南六条西５丁目,01101,中央区,60,歩道用,
249,43.052756 ,141.350716 ,北海道札幌市中央区南六条西６丁目,01101,中央区,60,歩道用,
250,43.057799 ,141.302206 ,北海道札幌市中央区宮の森二条１０丁目５,01101,中央区,61,歩道用,
251,43.058633 ,141.350224 ,北海道札幌市中央区南一条西５丁目,01101,中央区,62,歩道用,
252,43.063330 ,141.308101 ,北海道札幌市中央区宮の森二条４丁目２,01101,中央区,62,歩道用,
253,43.069921 ,141.331961 ,北海道札幌市中央区北九条西１４丁目,01101,中央区,63,歩道用,
254,43.069741 ,141.332091 ,北海道札幌市中央区北九条西１４丁目,01101,中央区,63,歩道用,
255,43.069777 ,141.331890 ,北海道札幌市中央区北九条西１５丁目,01101,中央区,63,歩道用,
256,43.060425 ,141.339090 ,北海道札幌市中央区北一条西１２丁目,01101,中央区,64,歩道用,
257,43.060277 ,141.339329 ,北海道札幌市中央区北一条西１１丁目,01101,中央区,64,歩道用,
258,43.067697 ,141.348474 ,北海道札幌市中央区北五条西５丁目,01101,中央区,65-1,歩道用,
259,43.066116 ,141.354079 ,北海道札幌市中央区北四条西１丁目,01101,中央区,66,歩道用,
260,43.065894 ,141.353877 ,北海道札幌市中央区北三条西２丁目,01101,中央区,66,歩道用,
261,43.064924 ,141.354403 ,北海道札幌市中央区北三条西１丁目,01101,中央区,67,歩道用,
262,43.064720 ,141.354450 ,北海道札幌市中央区北三条西１丁目,01101,中央区,67,歩道用,
263,43.064687 ,141.354162 ,北海道札幌市中央区北三条西２丁目,01101,中央区,67,歩道用,
264,43.058876 ,141.352304 ,北海道札幌市中央区南一条西４丁目,01101,中央区,68,歩道用,
265,43.063826 ,141.356752 ,北海道札幌市中央区北一条東１丁目,01101,中央区,69,歩道用,
266,43.063739 ,141.356060 ,北海道札幌市中央区北一条西１丁目,01101,中央区,69,歩道用,
267,43.061586 ,141.356607 ,北海道札幌市中央区大通西１丁目,01101,中央区,70,歩道用,
268,43.061480 ,141.356629 ,北海道札幌市中央区大通西１丁目,01101,中央区,70,歩道用,
269,43.061608 ,141.357271 ,北海道札幌市中央区大通東１丁目,01101,中央区,70,歩道用,
270,43.060789 ,141.357498 ,北海道札幌市中央区南一条東１丁目,01101,中央区,71,歩道用,
271,43.060715 ,141.356850 ,北海道札幌市中央区大通西１丁目,01101,中央区,71,歩道用,
272,43.059632 ,141.357812 ,北海道札幌市中央区南二条東１丁目,01101,中央区,72,歩道用,
273,43.059544 ,141.357147 ,北海道札幌市中央区南一条西１丁目,01101,中央区,72,歩道用,
274,43.058551 ,141.357400 ,北海道札幌市中央区南二条西１丁目,01101,中央区,73,歩道用,
275,43.058642 ,141.358051 ,北海道札幌市中央区南二条東１丁目,01101,中央区,73,歩道用,
276,43.058442 ,141.357633 ,北海道札幌市中央区南二条西１丁目,01101,中央区,73,歩道用,
277,43.058415 ,141.357449 ,北海道札幌市中央区南二条西１丁目,01101,中央区,73,歩道用,
278,43.057498 ,141.358333 ,北海道札幌市中央区南三条東１丁目,01101,中央区,74,歩道用,
279,43.057254 ,141.357726 ,北海道札幌市中央区南三条西１丁目,01101,中央区,74,歩道用,
280,43.054861 ,141.319434 ,北海道札幌市中央区南一条西２５丁目２,01101,中央区,75,歩道用,
281,43.067050 ,141.370148 ,北海道札幌市中央区北三条東９丁目,01101,中央区,76,歩道用,
282,43.062124 ,141.365034 ,北海道札幌市中央区大通東５丁目,01101,中央区,77,歩道用,
283,43.034436 ,141.349969 ,北海道札幌市中央区南十九条西７丁目３,01101,中央区,77,歩道用,
284,43.046323 ,141.335817 ,北海道札幌市中央区南十条西１４丁目１,01101,中央区,78,歩道用,
285,43.048084 ,141.335634 ,北海道札幌市中央区南八条西１４丁目３,01101,中央区,79,歩道用,
286,43.048806 ,141.346103 ,北海道札幌市中央区南八条西８丁目,01101,中央区,80,歩道用,
287,43.048615 ,141.345965 ,北海道札幌市中央区南九条西９丁目１,01101,中央区,80,歩道用,
288,43.058958 ,141.299973 ,北海道札幌市中央区宮の森四条１０丁目３,01101,中央区,81,歩道用,
289,43.046174 ,141.323375 ,北海道札幌市中央区南八条西２４丁目２,01101,中央区,82,歩道用,
290,43.045916 ,141.323283 ,北海道札幌市中央区南九条西２２丁目１,01101,中央区,82,歩道用,
291,43.051564 ,141.349613 ,北海道札幌市中央区南七条西６丁目,01101,中央区,83,歩道用,
292,43.051390 ,141.349419 ,北海道札幌市中央区南七条西７丁目,01101,中央区,83,歩道用,
293,43.062386 ,141.367816 ,北海道札幌市中央区大通東７丁目,01101,中央区,84,歩道用,
294,43.062191 ,141.367852 ,北海道札幌市中央区南一条東８丁目,01101,中央区,84,歩道用,
295,43.066287 ,141.355468 ,北海道札幌市中央区北四条西１丁目,01101,中央区,85,歩道用,
296,43.053969 ,141.327779 ,北海道札幌市中央区南三条西２０丁目１,01101,中央区,86,歩道用,
297,43.053843 ,141.328017 ,北海道札幌市中央区南四条西１８丁目１,01101,中央区,86,歩道用,
298,43.055125 ,141.358251 ,北海道札幌市中央区南五条西１丁目,01101,中央区,87,歩道用,
299,43.055059 ,141.358956 ,北海道札幌市中央区南六条東１丁目,01101,中央区,87,歩道用,
300,43.066429 ,141.347247 ,北海道札幌市中央区北五条西６丁目,01101,中央区,88,歩道用,
301,43.066227 ,141.345930 ,北海道札幌市中央区北五条西６丁目,01101,中央区,88,歩道用,
302,43.066194 ,141.345693 ,北海道札幌市中央区北五条西７丁目,01101,中央区,88,歩道用,
303,43.066017 ,141.345958 ,北海道札幌市中央区北四条西６丁目,01101,中央区,88,歩道用,
304,43.048283 ,141.341270 ,北海道札幌市中央区南九条西１１丁目１,01101,中央区,89,歩道用,
305,43.025791 ,141.342255 ,北海道札幌市中央区南二十五条西１２丁目３,01101,中央区,90,歩道用,
306,43.032232 ,141.346155 ,北海道札幌市中央区南二十条西１０丁目,01101,中央区,91,歩道用,
307,43.055063 ,141.320720 ,北海道札幌市中央区南一条西２４丁目１,01101,中央区,93,歩道用,
308,43.055111 ,141.321917 ,北海道札幌市中央区南二条西２４丁目１,01101,中央区,94,歩道用,
309,43.055427 ,141.323395 ,北海道札幌市中央区南一条西２２丁目２,01101,中央区,95,歩道用,
310,43.067539 ,141.355838 ,北海道札幌市中央区北五条東１丁目,01101,中央区,96,歩道用,
311,43.067416 ,141.355872 ,北海道札幌市中央区北四条東１丁目,01101,中央区,96,歩道用,
312,43.057532 ,141.331997 ,北海道札幌市中央区大通西１６丁目,01101,中央区,97,歩道用,
313,43.057135 ,141.351438 ,北海道札幌市中央区南二条西４丁目,01101,中央区,98,歩道用,
314,43.057849 ,141.357591 ,北海道札幌市中央区南三条西１丁目,01101,中央区,99,歩道用,
315,43.059166 ,141.329957 ,北海道札幌市中央区北一条西１７丁目,01101,中央区,100,歩道用,
316,43.058760 ,141.326854 ,北海道札幌市中央区北一条西１９丁目,01101,中央区,101,歩道用,
317,43.065601 ,141.359536 ,北海道札幌市中央区北三条東３丁目,01101,中央区,102,歩道用,
318,43.065418 ,141.359565 ,北海道札幌市中央区北三条東３丁目,01101,中央区,102,歩道用,
319,43.059399 ,141.315131 ,北海道札幌市中央区北二条西２７丁目２,01101,中央区,103-1,歩道用,
320,43.059475 ,141.314797 ,北海道札幌市中央区北三条西２８丁目１,01101,中央区,103-2,歩道用,
321,43.059360 ,141.314834 ,北海道札幌市中央区北二条西２８丁目１,01101,中央区,103-3,歩道用,
322,43.059523 ,141.315116 ,北海道札幌市中央区北三条西２７丁目１,01101,中央区,103-4,歩道用,
323,43.056157 ,141.332096 ,北海道札幌市中央区南一条西１７丁目,01101,中央区,105,歩道用,
324,43.030446 ,141.337633 ,北海道札幌市中央区南二十一条西１５丁目１,01101,中央区,105,歩道用,
325,43.030207 ,141.337657 ,北海道札幌市中央区南二十二条西１５丁目１,01101,中央区,105,歩道用,
326,43.055182 ,141.348460 ,北海道札幌市中央区南四条西７丁目,01101,中央区,107,歩道用,
327,43.054892 ,141.348811 ,北海道札幌市中央区南四条西６丁目,01101,中央区,107,歩道用,
328,43.055804 ,141.353092 ,北海道札幌市中央区南四条西４丁目,01101,中央区,108,歩道用,
329,43.055864 ,141.353474 ,北海道札幌市中央区南四条西３丁目,01101,中央区,108,歩道用,
330,43.055492 ,141.353486 ,北海道札幌市中央区南四条西３丁目,01101,中央区,108,歩道用,
331,43.055443 ,141.352857 ,北海道札幌市中央区南四条西４丁目,01101,中央区,108,歩道用,
332,43.062146 ,141.358587 ,北海道札幌市中央区大通東１丁目,01101,中央区,109,歩道用,
333,43.062178 ,141.358765 ,北海道札幌市中央区大通東２丁目,01101,中央区,109,歩道用,
334,43.062042 ,141.357816 ,北海道札幌市中央区大通東１丁目,01101,中央区,110,歩道用,
335,43.054644 ,141.338339 ,北海道札幌市中央区南四条西１３丁目１,01101,中央区,111,歩道用,
336,43.047664 ,141.332238 ,北海道札幌市中央区南九条西１６丁目１,01101,中央区,112,歩道用,
337,43.058028 ,141.346341 ,北海道札幌市中央区南一条西７丁目,01101,中央区,113-1,歩道用,
338,43.058060 ,141.346136 ,北海道札幌市中央区南一条西８丁目,01101,中央区,113-5,歩道用,
339,43.058187 ,141.346065 ,北海道札幌市中央区南一条西８丁目,01101,中央区,113-3,歩道用,
340,43.058275 ,141.347692 ,北海道札幌市中央区南一条西７丁目,01101,中央区,113-4,歩道用,
341,43.058467 ,141.347868 ,北海道札幌市中央区南一条西６丁目,01101,中央区,113-2,歩道用,
342,43.041100 ,141.346971 ,北海道札幌市中央区南十四条西９丁目１,01101,中央区,113,歩道用,
343,43.055207 ,141.341592 ,北海道札幌市中央区南三条西１１丁目,01101,中央区,114,歩道用,
344,43.057952 ,141.335201 ,北海道札幌市中央区大通西１４丁目,01101,中央区,119-1,歩道用,
345,43.057727 ,141.334860 ,北海道札幌市中央区大通西１５丁目,01101,中央区,119-2,歩道用,
346,43.054196 ,141.331292 ,北海道札幌市中央区南三条西１７丁目,01101,中央区,120-1,歩道用,
347,43.054050 ,141.331087 ,北海道札幌市中央区南四条西１７丁目１,01101,中央区,120-2,歩道用,
348,43.060125 ,141.345843 ,北海道札幌市中央区大通西７丁目,01101,中央区,121-1,歩道用,
349,43.057598 ,141.341662 ,北海道札幌市中央区南一条西１０丁目,01101,中央区,123,歩道用,
350,43.056439 ,141.341952 ,北海道札幌市中央区南二条西１０丁目,01101,中央区,124,歩道用,
351,43.055552 ,141.345077 ,北海道札幌市中央区南三条西９丁目,01101,中央区,125,歩道用,
352,43.059818 ,141.335932 ,北海道札幌市中央区北一条西１４丁目,01101,中央区,126-1,歩道用,
353,43.058818 ,141.336143 ,北海道札幌市中央区大通西１４丁目,01101,中央区,126-2,歩道用,
354,43.058654 ,141.335000 ,北海道札幌市中央区大通西１４丁目,01101,中央区,126-3,歩道用,
355,43.059655 ,141.334761 ,北海道札幌市中央区北一条西１４丁目,01101,中央区,126-4,歩道用,
356,43.067537 ,141.345339 ,北海道札幌市北区北六条西７丁目,01102,北区,1001,歩道用,
357,43.069616 ,141.354572 ,北海道札幌市北区北六条西１丁目,01102,北区,1002,歩道用,
358,43.069754 ,141.354540 ,北海道札幌市北区北七条西１丁目,01102,北区,1003,歩道用,
359,43.069840 ,141.355202 ,北海道札幌市東区北七条東１丁目１,01103,北区,1004,歩道用,
360,43.069693 ,141.355243 ,北海道札幌市東区北六条東１丁目２,01103,北区,1005,歩道用,
361,43.069412 ,141.353002 ,北海道札幌市北区北七条西２丁目,01102,北区,1006,歩道用,
362,43.069568 ,141.353190 ,北海道札幌市北区北七条西１丁目,01102,北区,1007,歩道用,
363,43.069428 ,141.351593 ,北海道札幌市北区北七条西２丁目,01102,北区,1008,歩道用,
364,43.069310 ,141.351526 ,北海道札幌市北区北七条西２丁目,01102,北区,1009,歩道用,
365,43.069027 ,141.349850 ,北海道札幌市北区北七条西４丁目,01102,北区,1010,歩道用,
366,43.069116 ,141.349718 ,北海道札幌市北区北七条西４丁目,01102,北区,1011,歩道用,
367,43.068895 ,141.348246 ,北海道札幌市北区北七条西５丁目,01102,北区,1012,歩道用,
368,43.070565 ,141.352920 ,北海道札幌市北区北八条西１丁目,01102,北区,1013,歩道用,
369,43.070684 ,141.352658 ,北海道札幌市北区北八条西２丁目,01102,北区,1014,歩道用,
370,43.070336 ,141.351327 ,北海道札幌市北区北八条西２丁目,01102,北区,1015,歩道用,
371,43.070460 ,141.351078 ,北海道札幌市北区北八条西３丁目,01102,北区,1016,歩道用,
372,43.070281 ,141.349726 ,北海道札幌市北区北八条西３丁目,01102,北区,1017,歩道用,
373,43.069669 ,141.349681 ,北海道札幌市北区北七条西４丁目,01102,北区,1018,歩道用,
374,43.070032 ,141.347923 ,北海道札幌市北区北八条西５丁目,01102,北区,1019,歩道用,
375,43.069445 ,141.348106 ,北海道札幌市北区北七条西５丁目,01102,北区,1020,歩道用,
376,43.074710 ,141.348616 ,北海道札幌市北区北十一条西３丁目２,01102,北区,1021,歩道用,
377,43.074824 ,141.348381 ,北海道札幌市北区北十二条西４丁目１,01102,北区,1022,歩道用,
378,43.074490 ,141.347039 ,北海道札幌市北区北十一条西４丁目２,01102,北区,1023,歩道用,
379,43.074639 ,141.347012 ,北海道札幌市北区北十二条西４丁目１,01102,北区,1024,歩道用,
380,43.076932 ,141.346449 ,北海道札幌市北区北十四条西４丁目１,01102,北区,1025,歩道用,
381,43.077855 ,141.346212 ,北海道札幌市北区北十四条西４丁目２,01102,北区,1026,歩道用,
382,43.078110 ,141.346156 ,北海道札幌市北区北十五条西４丁目１,01102,北区,1027,歩道用,
383,43.076793 ,141.346258 ,北海道札幌市北区北十三条西５丁目,01102,北区,1028,歩道用,
384,43.081507 ,141.346700 ,北海道札幌市北区北十七条西４丁目２,01102,北区,1029,歩道用,
385,43.081743 ,141.346802 ,北海道札幌市北区北十八条西３丁目１,01102,北区,1030,歩道用,
386,43.081724 ,141.348292 ,北海道札幌市北区北十七条西３丁目２,01102,北区,1031,歩道用,
387,43.081949 ,141.348378 ,北海道札幌市北区北十八条西２丁目１,01102,北区,1032,歩道用,
388,43.081285 ,141.345108 ,北海道札幌市北区北十七条西５丁目２,01102,北区,1033,歩道用,
389,43.081524 ,141.345287 ,北海道札幌市北区北十八条西４丁目１,01102,北区,1034,歩道用,
390,43.080972 ,141.342932 ,北海道札幌市北区北十七条西６丁目１,01102,北区,1035,歩道用,
391,43.081218 ,141.342664 ,北海道札幌市北区北十八条西７丁目,01102,北区,1036,歩道用,
392,43.084450 ,141.339835 ,北海道札幌市北区北二十条西７丁目２,01102,北区,1037,歩道用,
393,43.089392 ,141.344707 ,北海道札幌市北区北二十三条西４丁目１,01102,北区,1038,歩道用,
394,43.089519 ,141.344822 ,北海道札幌市北区北二十三条西３丁目２,01102,北区,1039,歩道用,
395,43.090291 ,141.344422 ,北海道札幌市北区北二十三条西４丁目２,01102,北区,1040,歩道用,
396,43.090447 ,141.344448 ,北海道札幌市北区北二十四条西４丁目１,01102,北区,1041,歩道用,
397,43.090463 ,141.344594 ,北海道札幌市北区北二十四条西３丁目１,01102,北区,1042,歩道用,
398,43.090110 ,141.343101 ,北海道札幌市北区北二十三条西４丁目２,01102,北区,1043,歩道用,
399,43.090218 ,141.343825 ,北海道札幌市北区北二十三条西４丁目２,01102,北区,1044,歩道用,
400,43.090229 ,141.342823 ,北海道札幌市北区北二十四条西５丁目１,01102,北区,1045,歩道用,
401,43.090273 ,141.343103 ,北海道札幌市北区北二十四条西４丁目２,01102,北区,1046,歩道用,
402,43.090081 ,141.342899 ,北海道札幌市北区北二十三条西５丁目２,01102,北区,1047,歩道用,
403,43.091494 ,141.342777 ,北海道札幌市北区北二十四条西４丁目４,01102,北区,1048,歩道用,
404,43.090043 ,141.341524 ,北海道札幌市北区北二十四条西５丁目１,01102,北区,1049,歩道用,
405,43.090035 ,141.341348 ,北海道札幌市北区北二十四条西６丁目１,01102,北区,1050,歩道用,
406,43.091378 ,141.341019 ,北海道札幌市北区北二十五条西６丁目１,01102,北区,1051,歩道用,
407,43.089831 ,141.339875 ,北海道札幌市北区北二十四条西７丁目１,01102,北区,1052,歩道用,
408,43.090164 ,141.332206 ,北海道札幌市北区北二十五条西１１丁目２,01102,北区,1053,歩道用,
409,43.098684 ,141.325639 ,北海道札幌市北区北二十九条西１５丁目３,01102,北区,1054,歩道用,
410,43.098563 ,141.325528 ,北海道札幌市北区北二十八条西１５丁目３,01102,北区,1055,歩道用,
411,43.097179 ,141.333807 ,北海道札幌市北区北三十一条西９丁目２,01102,北区,1056,歩道用,
412,43.099724 ,141.342093 ,北海道札幌市北区北三十二条西４丁目３,01102,北区,1057,歩道用,
413,43.099827 ,141.342073 ,北海道札幌市北区北三十三条西４丁目１,01102,北区,1058,歩道用,
414,43.102747 ,141.335364 ,北海道札幌市北区北三十四条西８丁目１,01102,北区,1059,歩道用,
415,43.103315 ,141.335066 ,北海道札幌市北区北三十五条西８丁目１,01102,北区,1060,歩道用,
416,43.104945 ,141.336459 ,北海道札幌市北区北三十七条西７丁目１,01102,北区,1061,歩道用,
417,43.107609 ,141.333335 ,北海道札幌市北区北三十七条西９丁目１,01102,北区,1062,歩道用,
418,43.105917 ,141.337272 ,北海道札幌市北区北三十八条西６丁目１,01102,北区,1063,歩道用,
419,43.106382 ,141.339001 ,北海道札幌市北区北三十八条西４丁目２,01102,北区,1064,歩道用,
420,43.106661 ,141.337971 ,北海道札幌市北区北三十九条西５丁目２,01102,北区,1065,歩道用,
421,43.107482 ,141.338464 ,北海道札幌市北区北三十九条西５丁目２,01102,北区,1066,歩道用,
422,43.107443 ,141.338726 ,北海道札幌市北区北三十九条西４丁目１,01102,北区,1067,歩道用,
423,43.109108 ,141.338328 ,北海道札幌市北区北四十条西４丁目２,01102,北区,1068,歩道用,
424,43.109287 ,141.337995 ,北海道札幌市北区北四十条西５丁目５,01102,北区,1069,歩道用,
425,43.109502 ,141.338067 ,北海道札幌市北区麻生町５丁目１,01102,北区,1070,歩道用,
426,43.109510 ,141.338375 ,北海道札幌市北区麻生町３丁目１０,01102,北区,1071,歩道用,
427,43.109302 ,141.338375 ,北海道札幌市北区麻生町２丁目３,01102,北区,1072,歩道用,
428,43.107307 ,141.342067 ,北海道札幌市北区麻生町１丁目２,01102,北区,1073,歩道用,
429,43.108144 ,141.340492 ,北海道札幌市北区麻生町２丁目１,01102,北区,1074,歩道用,
430,43.110041 ,141.336956 ,北海道札幌市北区麻生町５丁目２,01102,北区,1075,歩道用,
431,43.110590 ,141.335936 ,北海道札幌市北区麻生町５丁目２,01102,北区,1076,歩道用,
432,43.112223 ,141.337307 ,北海道札幌市北区麻生町５丁目９,01102,北区,1077,歩道用,
433,43.096794 ,141.329392 ,北海道札幌市北区北二十八条西１３丁目１,01102,北区,1078,歩道用,
434,43.092679 ,141.329908 ,北海道札幌市北区北二十六条西１２丁目１,01102,北区,1506,歩道用,
435,43.091993 ,141.331608 ,北海道札幌市北区北二十六条西１２丁目１,01102,北区,1507,歩道用,
436,43.094025 ,141.326956 ,北海道札幌市北区北二十七条西１４丁目１,01102,北区,1508,歩道用,
437,43.074643 ,141.351654 ,北海道札幌市北区北十一条西２丁目２,01102,北区,1510,歩道用,
438,43.107844 ,141.338189 ,北海道札幌市北区北四十条西５丁目１,01102,北区,1511,歩道用,
439,43.089942 ,141.330634 ,北海道札幌市北区北二十五条西１２丁目１,01102,北区,1512,歩道用,
440,43.104784 ,141.330915 ,北海道札幌市北区北三十四条西１１丁目４,01102,北区,1513,歩道用,
441,43.089376 ,141.343274 ,北海道札幌市北区北二十三条西４丁目２,01102,北区,1514,歩道用,
442,43.110308 ,141.338547 ,北海道札幌市北区麻生町３丁目１０,01102,北区,1515,歩道用,
443,43.071052 ,141.347683 ,北海道札幌市北区北八条西５丁目,01102,北区,1516,歩道用,
444,43.099624 ,141.340726 ,北海道札幌市北区北三十三条西４丁目１,01102,北区,1519,歩道用,
445,43.100943 ,141.320251 ,北海道札幌市北区新川四条４丁目１,01102,北区,2001,歩道用,
446,43.095500 ,141.322859 ,北海道札幌市北区北二十六条西１７丁目３,01102,北区,2002,歩道用,
447,43.095670 ,141.322780 ,北海道札幌市北区新川三条１丁目１,01102,北区,2003,歩道用,
448,43.108108 ,141.309261 ,北海道札幌市北区新川四条１０丁目５,01102,北区,2506,歩道用,
449,43.096410 ,141.321722 ,北海道札幌市北区新川三条２丁目１,01102,北区,2507,歩道用,
450,43.106911 ,141.307835 ,北海道札幌市北区新川四条１１丁目１,01102,北区,2508,歩道用,
451,43.109382 ,141.306936 ,北海道札幌市北区新川四条１２丁目９,01102,北区,2509,歩道用,
452,43.109102 ,141.300061 ,北海道札幌市北区新川三条１３丁目３,01102,北区,2512,歩道用,
453,43.098738 ,141.318326 ,北海道札幌市北区新川二条４丁目８,01102,北区,2515,歩道用,
454,43.115118 ,141.300656 ,北海道札幌市北区新川六条１５丁目５,01102,北区,2516,歩道用,
455,43.110830 ,141.335484 ,北海道札幌市北区新琴似八条１丁目１,01102,北区,3001,歩道用,
456,43.111104 ,141.334572 ,北海道札幌市北区新琴似七条１丁目２,01102,北区,3002,歩道用,
457,43.111749 ,141.333801 ,北海道札幌市北区新琴似八条２丁目１,01102,北区,3003,歩道用,
458,43.112629 ,141.336873 ,北海道札幌市北区新琴似九条１丁目１,01102,北区,3004,歩道用,
459,43.112894 ,141.336368 ,北海道札幌市北区新琴似九条１丁目１,01102,北区,3005,歩道用,
460,43.113805 ,141.335584 ,北海道札幌市北区新琴似九条２丁目４,01102,北区,3006,歩道用,
461,43.112783 ,141.331458 ,北海道札幌市北区新琴似七条３丁目１,01102,北区,3007,歩道用,
462,43.112684 ,141.332027 ,北海道札幌市北区新琴似八条３丁目１,01102,北区,3008,歩道用,
463,43.118019 ,141.337459 ,北海道札幌市北区新琴似十一条２丁目１,01102,北区,3009,歩道用,
464,43.122280 ,141.313536 ,北海道札幌市北区新琴似七条１３丁目４,01102,北区,3010,歩道用,
465,43.122535 ,141.313488 ,北海道札幌市北区新琴似八条１４丁目１,01102,北区,3011,歩道用,
466,43.119916 ,141.310262 ,北海道札幌市北区新琴似六条１４丁目１,01102,北区,3501,歩道用,
467,43.116902 ,141.323701 ,北海道札幌市北区新琴似七条８丁目５,01102,北区,3502,歩道用,
468,43.115756 ,141.326225 ,北海道札幌市北区新琴似八条６丁目５,01102,北区,3503,歩道用,
469,43.116722 ,141.328180 ,北海道札幌市北区新琴似八条６丁目５,01102,北区,3504,歩道用,
470,43.118920 ,141.320275 ,北海道札幌市北区新琴似八条１０丁目１,01102,北区,3505,歩道用,
471,43.121321 ,141.315760 ,北海道札幌市北区新琴似八条１２丁目５,01102,北区,3506,歩道用,
472,43.109836 ,141.329337 ,北海道札幌市北区新琴似六条２丁目４,01102,北区,3507,歩道用,
473,43.107782 ,141.333240 ,北海道札幌市北区新琴似六条１丁目１,01102,北区,3508,歩道用,
474,43.105115 ,141.330184 ,北海道札幌市北区新琴似四条１丁目１,01102,北区,3509,歩道用,
475,43.123214 ,141.304069 ,北海道札幌市北区新琴似六条１７丁目１,01102,北区,3510,歩道用,
476,43.122640 ,141.310278 ,北海道札幌市北区新琴似七条１５丁目２,01102,北区,3511,歩道用,
477,43.121176 ,141.310597 ,北海道札幌市北区新琴似六条１４丁目７,01102,北区,3512,歩道用,
478,43.114460 ,141.336330 ,北海道札幌市北区新琴似九条１丁目４,01102,北区,3513,歩道用,
479,43.124454 ,141.325772 ,北海道札幌市北区新琴似十一条１０丁目５,01102,北区,3514,歩道用,
480,43.125324 ,141.324232 ,北海道札幌市北区新琴似十一条１１丁目９,01102,北区,3515,歩道用,
481,43.101873 ,141.328155 ,北海道札幌市北区新琴似一条１丁目５,01102,北区,3516,歩道用,
482,43.102003 ,141.328249 ,北海道札幌市北区新琴似二条１丁目１,01102,北区,3517,歩道用,
483,43.105744 ,141.321148 ,北海道札幌市北区新琴似一条４丁目８,01102,北区,3518,歩道用,
484,43.108852 ,141.319339 ,北海道札幌市北区新琴似二条６丁目３,01102,北区,3519,歩道用,
485,43.107578 ,141.318124 ,北海道札幌市北区新琴似二条６丁目２,01102,北区,3520,歩道用,
486,43.107588 ,141.317750 ,北海道札幌市北区新琴似一条７丁目９,01102,北区,3521,歩道用,
487,43.108956 ,141.315336 ,北海道札幌市北区新琴似一条８丁目２２,01102,北区,3522,歩道用,
488,43.104333 ,141.323693 ,北海道札幌市北区新琴似一条３丁目１,01102,北区,3523,歩道用,
489,43.110137 ,141.309442 ,北海道札幌市北区新琴似一条１１丁目１２,01102,北区,3524,歩道用,
490,43.110936 ,141.312080 ,北海道札幌市北区新琴似二条１１丁目１,01102,北区,3525,歩道用,
491,43.113054 ,141.304153 ,北海道札幌市北区新琴似一条１３丁目４,01102,北区,3526,歩道用,
492,43.113362 ,141.330325 ,北海道札幌市北区新琴似七条４丁目１,01102,北区,3527,歩道用,
493,43.113490 ,141.330499 ,北海道札幌市北区新琴似八条４丁目１,01102,北区,3528,歩道用,
494,43.111469 ,141.310840 ,北海道札幌市北区新琴似一条１１丁目１１,01102,北区,3529,歩道用,
495,43.116700 ,141.316156 ,北海道札幌市北区新琴似五条１１丁目４,01102,北区,3530,歩道用,
496,43.107142 ,141.326512 ,北海道札幌市北区新琴似四条３丁目１,01102,北区,3531,歩道用,
497,43.123780 ,141.311167 ,北海道札幌市北区新琴似八条１５丁目１,01102,北区,3532,歩道用,
498,43.147613 ,141.364779 ,北海道札幌市北区篠路四条６丁目７,01102,北区,4001,歩道用,
499,43.147581 ,141.365022 ,北海道札幌市北区篠路四条７丁目５,01102,北区,4002,歩道用,
500,43.150382 ,141.367293 ,北海道札幌市北区篠路六条７丁目２,01102,北区,4003,歩道用,
501,43.145110 ,141.366151 ,北海道札幌市北区篠路三条８丁目１,01102,北区,4004,歩道用,
502,43.142646 ,141.365883 ,北海道札幌市北区篠路二条８丁目４,01102,北区,4005,歩道用,
503,43.142767 ,141.365983 ,北海道札幌市北区篠路三条８丁目１,01102,北区,4006,歩道用,
504,43.142607 ,141.368390 ,北海道札幌市北区篠路三条８丁目１１,01102,北区,4007,歩道用,
505,43.144046 ,141.358694 ,北海道札幌市北区篠路三条５丁目１,01102,北区,4008,歩道用,
506,43.143918 ,141.358375 ,北海道札幌市北区篠路二条４丁目６,01102,北区,4009,歩道用,
507,43.132674 ,141.359219 ,北海道札幌市北区太平八条６丁目９,01102,北区,4010,歩道用,
508,43.133283 ,141.355713 ,北海道札幌市北区太平八条５丁目２,01102,北区,4011,歩道用,
509,43.133459 ,141.355539 ,北海道札幌市北区太平九条４丁目９,01102,北区,4012,歩道用,
510,43.130464 ,141.354528 ,北海道札幌市北区太平七条４丁目８,01102,北区,4013,歩道用,
511,43.129973 ,141.354753 ,北海道札幌市北区太平六条５丁目１,01102,北区,4014,歩道用,
512,43.128766 ,141.357060 ,北海道札幌市北区太平六条６丁目７,01102,北区,4015,歩道用,
513,43.126784 ,141.361142 ,北海道札幌市北区百合が原２丁目６,01102,北区,4016,歩道用,
514,43.134298 ,141.367094 ,北海道札幌市北区百合が原６丁目５,01102,北区,4017,歩道用,
515,43.134432 ,141.367335 ,北海道札幌市北区百合が原１０丁目１,01102,北区,4018,歩道用,
516,43.147463 ,141.366396 ,北海道札幌市北区篠路五条８丁目１,01102,北区,4019,歩道用,
517,43.139962 ,141.352776 ,北海道札幌市北区篠路一条２丁目７,01102,北区,4501,歩道用,
518,43.145813 ,141.366023 ,北海道札幌市北区篠路四条７丁目２,01102,北区,4502,歩道用,
519,43.147257 ,141.372804 ,北海道札幌市北区篠路五条９丁目８,01102,北区,4503,歩道用,
520,43.141069 ,141.353272 ,北海道札幌市北区篠路一条２丁目６,01102,北区,4504,歩道用,
521,43.144550 ,141.366120 ,北海道札幌市北区篠路三条８丁目１,01102,北区,4505,歩道用,
522,43.133710 ,141.353243 ,北海道札幌市北区太平八条４丁目４,01102,北区,4506,歩道用,
523,43.134659 ,141.365462 ,北海道札幌市北区百合が原６丁目５,01102,北区,4507,歩道用,
524,43.144808 ,141.369527 ,北海道札幌市北区篠路三条８丁目９,01102,北区,4508,歩道用,
525,43.151309 ,141.368961 ,北海道札幌市北区篠路八条７丁目,01102,北区,4509,歩道用,
526,43.150372 ,141.370972 ,北海道札幌市北区篠路八条７丁目４,01102,北区,4510,歩道用,
527,43.145125 ,141.350018 ,北海道札幌市北区篠路二条１丁目３,01102,北区,4511,歩道用,
528,43.150645 ,141.370675 ,北海道札幌市北区篠路八条７丁目４,01102,北区,4512,歩道用,
529,43.141069 ,141.339913 ,北海道札幌市北区屯田九条４丁目１,01102,北区,5501,歩道用,
530,43.140900 ,141.340087 ,北海道札幌市北区屯田八条３丁目５,01102,北区,5502,歩道用,
531,43.139687 ,141.339581 ,北海道札幌市北区屯田八条４丁目５,01102,北区,5503,歩道用,
532,43.141174 ,141.337948 ,北海道札幌市北区屯田八条４丁目５,01102,北区,5504,歩道用,
533,43.131852 ,141.345716 ,北海道札幌市北区屯田五条１丁目１,01102,北区,5505,歩道用,
534,43.145437 ,141.348991 ,北海道札幌市北区屯田十一条１丁目１,01102,北区,5506,歩道用,
535,43.150290 ,141.350233 ,北海道札幌市北区西茨戸二条１丁目１,01102,北区,5507,歩道用,
536,43.136679 ,141.330807 ,北海道札幌市北区屯田七条６丁目２,01102,北区,5508,歩道用,
537,43.136312 ,141.330485 ,北海道札幌市北区屯田六条７丁目４,01102,北区,5509,歩道用,
538,43.128372 ,141.328614 ,北海道札幌市北区屯田四条７丁目１,01102,北区,5510,歩道用,
539,43.130072 ,141.337558 ,北海道札幌市北区屯田五条３丁目２,01102,北区,5511,歩道用,
540,43.131507 ,141.337439 ,北海道札幌市北区屯田五条４丁目７,01102,北区,5512,歩道用,
541,43.131072 ,141.329461 ,北海道札幌市北区屯田五条６丁目２,01102,北区,5513,歩道用,
542,43.131756 ,141.324059 ,北海道札幌市北区屯田五条８丁目２,01102,北区,5514,歩道用,
543,43.130291 ,141.334789 ,北海道札幌市北区屯田四条４丁目１１,01102,北区,5515,歩道用,
544,43.123013 ,141.333413 ,北海道札幌市北区屯田二条４丁目３,01102,北区,5516,歩道用,
545,43.146051 ,141.349055 ,北海道札幌市北区屯田十一条１丁目９,01102,北区,5517,歩道用,
546,43.138065 ,141.319926 ,北海道札幌市北区屯田七条１０丁目２,01102,北区,5518,歩道用,
547,43.130981 ,141.329255 ,北海道札幌市北区屯田四条７丁目７,01102,北区,5519,歩道用,
548,43.140008 ,141.347671 ,北海道札幌市北区屯田八条１丁目３,01102,北区,5520,歩道用,
549,43.127303 ,141.336904 ,北海道札幌市北区屯田四条３丁目２,01102,北区,5521,歩道用,
550,43.146419 ,141.341383 ,北海道札幌市北区屯田十一条３丁目８,01102,北区,5523,歩道用,
551,43.128508 ,141.337176 ,北海道札幌市北区屯田四条３丁目４,01102,北区,5524,歩道用,
552,43.127539 ,141.334130 ,北海道札幌市北区屯田三条４丁目８,01102,北区,5525,歩道用,
553,43.131314 ,141.326569 ,北海道札幌市北区屯田四条８丁目６,01102,北区,5526,歩道用,
554,43.139357 ,141.331205 ,北海道札幌市北区屯田八条７丁目１,01102,北区,5527,歩道用,
555,43.142393 ,141.340443 ,北海道札幌市北区屯田九条３丁目３,01102,北区,5528,歩道用,
556,43.142040 ,141.343195 ,北海道札幌市北区屯田九条２丁目５,01102,北区,5529,歩道用,
557,43.161499 ,141.412768 ,北海道札幌市北区あいの里二条８丁目５,01102,北区,6001,歩道用,
558,43.158054 ,141.401031 ,北海道札幌市北区あいの里二条６丁目３,01102,北区,6002,歩道用,
559,43.157834 ,141.400751 ,北海道札幌市北区あいの里一条６丁目２,01102,北区,6003,歩道用,
560,43.157637 ,141.399304 ,北海道札幌市北区あいの里一条６丁目２,01102,北区,6004,歩道用,
561,43.157086 ,141.399029 ,北海道札幌市北区あいの里一条５丁目２,01102,北区,6005,歩道用,
562,43.155849 ,141.399037 ,北海道札幌市北区あいの里一条６丁目１,01102,北区,6006,歩道用,
563,43.155952 ,141.399049 ,北海道札幌市北区あいの里一条６丁目２,01102,北区,6007,歩道用,
564,43.158390 ,141.396979 ,北海道札幌市北区あいの里二条４丁目１７,01102,北区,6008,歩道用,
565,43.158157 ,141.397188 ,北海道札幌市北区あいの里一条５丁目２,01102,北区,6009,歩道用,
566,43.156066 ,141.397739 ,北海道札幌市北区あいの里一条５丁目２,01102,北区,6010,歩道用,
567,43.155975 ,141.397398 ,北海道札幌市北区あいの里一条４丁目１３,01102,北区,6011,歩道用,
568,43.158770 ,141.386165 ,北海道札幌市北区拓北八条４丁目２,01102,北区,6012,歩道用,
569,43.159617 ,141.382134 ,北海道札幌市北区あいの里二条１丁目２４,01102,北区,6013,歩道用,
570,43.156914 ,141.380333 ,北海道札幌市北区拓北七条２丁目９,01102,北区,6014,歩道用,
571,43.156783 ,141.380487 ,北海道札幌市北区拓北六条３丁目１,01102,北区,6015,歩道用,
572,43.153771 ,141.379848 ,北海道札幌市北区拓北五条２丁目１１,01102,北区,6016,歩道用,
573,43.167934 ,141.386507 ,北海道札幌市北区あいの里四条２丁目１５,01102,北区,6501,歩道用,
574,43.167140 ,141.396320 ,北海道札幌市北区あいの里四条５丁目１０,01102,北区,6502,歩道用,
575,43.167295 ,141.396326 ,北海道札幌市北区あいの里五条３丁目１,01102,北区,6503,歩道用,
576,43.167898 ,141.401513 ,北海道札幌市北区あいの里五条３丁目１,01102,北区,6504,歩道用,
577,43.162060 ,141.401429 ,北海道札幌市北区あいの里三条６丁目１,01102,北区,6505,歩道用,
578,43.155655 ,141.380292 ,北海道札幌市北区拓北六条３丁目１,01102,北区,6506,歩道用,
579,43.165418 ,141.352464 ,北海道札幌市北区東茨戸二条１丁目,01102,北区,6507,歩道用,
580,43.164464 ,141.389608 ,北海道札幌市北区あいの里三条２丁目２,01102,北区,6508,歩道用,
581,43.161640 ,141.411038 ,北海道札幌市北区あいの里三条７丁目１６,01102,北区,6509,歩道用,
582,43.155942 ,141.403272 ,北海道札幌市北区あいの里一条７丁目１,01102,北区,6510,歩道用,
583,43.163804 ,141.357865 ,北海道札幌市北区東茨戸二条２丁目８,01102,北区,6511,歩道用,
584,43.163575 ,141.406069 ,北海道札幌市北区あいの里三条７丁目９,01102,北区,6512,歩道用,
585,43.160568 ,141.409612 ,北海道札幌市北区あいの里二条７丁目１３,01102,北区,6513,歩道用,
586,43.156062 ,141.380228 ,北海道札幌市北区拓北六条２丁目７,01102,北区,6514,歩道用,
587,43.076693 ,141.354433 ,北海道札幌市東区北十二条東１丁目４,01103,東区,001-S,歩道用,
588,43.076897 ,141.354864 ,北海道札幌市東区北十三条東１丁目２,01103,東区,002-S,歩道用,
589,43.078050 ,141.364546 ,北海道札幌市東区北十二条東８丁目１,01103,東区,003-S,歩道用,
590,43.080252 ,141.364043 ,北海道札幌市東区北十四条東８丁目３,01103,東区,004-S,歩道用,
591,43.080536 ,141.363944 ,北海道札幌市東区北十五条東８丁目１,01103,東区,005-S,歩道用,
592,43.072622 ,141.368056 ,北海道札幌市東区北七条東９丁目２,01103,東区,006-S,歩道用,
593,43.071254 ,141.372526 ,北海道札幌市東区北七条東９丁目２,01103,東区,007-S,歩道用,
594,43.079458 ,141.375249 ,北海道札幌市東区北十二条東１５丁目３,01103,東区,008-S,歩道用,
595,43.080919 ,141.388503 ,北海道札幌市東区本町二条４丁目８,01103,東区,009-S,歩道用,
596,43.077428 ,141.394914 ,北海道札幌市東区本町二条７丁目５,01103,東区,010-S,歩道用,
597,43.079673 ,141.401274 ,北海道札幌市東区東苗穂一条２丁目６,01103,東区,011-S,歩道用,
598,43.079630 ,141.401441 ,北海道札幌市東区東苗穂二条３丁目１,01103,東区,012-S,歩道用,
599,43.100761 ,141.369908 ,北海道札幌市東区北三十一条東１５丁目１,01103,東区,013-S,歩道用,
600,43.101596 ,141.369736 ,北海道札幌市東区北三十一条東１５丁目１,01103,東区,014-S,歩道用,
601,43.102680 ,141.369451 ,北海道札幌市東区北三十二条東１５丁目１,01103,東区,015-S,歩道用,
602,43.102718 ,141.369712 ,北海道札幌市東区北三十二条東１６丁目１,01103,東区,016-S,歩道用,
603,43.092645 ,141.360646 ,北海道札幌市東区北二十四条東７丁目３,01103,東区,017-W,歩道用,
604,43.104844 ,141.370213 ,北海道札幌市東区北三十四条東１６丁目１,01103,東区,018-W,歩道用,
605,43.114852 ,141.344067 ,北海道札幌市東区北四十五条東１丁目２,01103,東区,019-W,歩道用,
606,43.111464 ,141.355962 ,北海道札幌市東区北四十二条東７丁目１,01103,東区,020-W,歩道用,
607,43.112848 ,141.366438 ,北海道札幌市東区北四十一条東１５丁目２,01103,東区,021-W,歩道用,
608,43.121141 ,141.364938 ,北海道札幌市東区北四十九条東１５丁目１,01103,東区,022-W,歩道用,
609,43.115660 ,141.372976 ,北海道札幌市東区北四十三条東１９丁目１,01103,東区,023-E,歩道用,
610,43.108567 ,141.423712 ,北海道札幌市東区東苗穂十三条３丁目２６,01103,東区,024-E,歩道用,
611,43.108027 ,141.432305 ,北海道札幌市東区東雁来町,01103,東区,025-E,歩道用,
612,43.092259 ,141.397073 ,北海道札幌市東区伏古八条３丁目６,01103,東区,026-S,歩道用,
613,43.119841 ,141.353829 ,北海道札幌市東区北四十九条東７丁目２,01103,東区,027-W,歩道用,
614,43.115844 ,141.351831 ,北海道札幌市東区北四十五条東５丁目５,01103,東区,028-W,歩道用,
615,43.110982 ,141.425330 ,北海道札幌市東区東苗穂十五条２丁目１,01103,東区,029-E,歩道用,
616,43.094152 ,141.392590 ,北海道札幌市東区伏古九条２丁目６,01103,東区,033-S,歩道用,
617,43.099628 ,141.370186 ,北海道札幌市東区北二十八条東１５丁目３,01103,東区,036-S,歩道用,
618,43.089434 ,141.350288 ,北海道札幌市東区北二十二条東１丁目３,01103,東区,037-W,歩道用,
619,43.093997 ,141.353878 ,北海道札幌市東区北二十五条東３丁目２,01103,東区,038-W,歩道用,
620,43.096292 ,141.371289 ,北海道札幌市東区北二十五条東１６丁目１,01103,東区,039-S,歩道用,
621,43.084781 ,141.389705 ,北海道札幌市東区伏古三条３丁目１,01103,東区,040-S,歩道用,
622,43.109933 ,141.345300 ,北海道札幌市東区北四十二条東１丁目３,01103,東区,041-W,歩道用,
623,43.083739 ,141.362813 ,北海道札幌市東区北十七条東７丁目１,01103,東区,042-W,歩道用,
624,43.083917 ,141.363156 ,北海道札幌市東区北十八条東８丁目１,01103,東区,043-W,歩道用,
625,43.084149 ,141.390976 ,北海道札幌市東区伏古二条４丁目３,01103,東区,044-S,歩道用,
626,43.077997 ,141.364248 ,北海道札幌市東区北十二条東７丁目１,01103,東区,101-PS,歩道用,
627,43.078172 ,141.364275 ,北海道札幌市東区北十三条東７丁目５,01103,東区,102-PS,歩道用,
628,43.080222 ,141.363780 ,北海道札幌市東区北十四条東７丁目１,01103,東区,103-PS,歩道用,
629,43.076972 ,141.364235 ,北海道札幌市東区北十二条東８丁目１,01103,東区,105-PS,歩道用,
630,43.073134 ,141.371914 ,北海道札幌市東区北七条東１１丁目１,01103,東区,106-PS,歩道用,
631,43.081978 ,141.374409 ,北海道札幌市東区北十五条東１５丁目４,01103,東区,107-PS,歩道用,
632,43.081727 ,141.374774 ,北海道札幌市東区北十四条東１５丁目３,01103,東区,108-PS,歩道用,
633,43.082023 ,141.374707 ,北海道札幌市東区北十五条東１６丁目１,01103,東区,109-PS,歩道用,
634,43.093953 ,141.371594 ,北海道札幌市東区北二十三条東１５丁目５,01103,東区,110-PS,歩道用,
635,43.094261 ,141.383117 ,北海道札幌市東区北二十三条東２０丁目５,01103,東区,111-PS,歩道用,
636,43.094423 ,141.383178 ,北海道札幌市東区北二十四条東２０丁目４,01103,東区,112-PS,歩道用,
637,43.084613 ,141.369248 ,北海道札幌市東区北十七条東１３丁目１,01103,東区,113-PW,歩道用,
638,43.098252 ,141.359277 ,北海道札幌市東区北二十八条東７丁目４,01103,東区,114-PW,歩道用,
639,43.116372 ,141.354948 ,北海道札幌市東区北四十六条東８丁目１,01103,東区,115-PW,歩道用,
640,43.117269 ,141.362314 ,北海道札幌市東区北四十六条東１４丁目１,01103,東区,116-PW,歩道用,
641,43.113106 ,141.367292 ,北海道札幌市東区北四十二条東１６丁目１,01103,東区,117-PW,歩道用,
642,43.099256 ,141.416548 ,北海道札幌市東区東苗穂九条３丁目２,01103,東区,119-PE,歩道用,
643,43.088538 ,141.408054 ,北海道札幌市東区東苗穂五条２丁目９,01103,東区,120-PS,歩道用,
644,43.108600 ,141.423539 ,北海道札幌市東区東苗穂十三条２丁目２２,01103,東区,121-PE,歩道用,
645,43.074591 ,141.392729 ,北海道札幌市東区本町一条７丁目４,01103,東区,122-PS,歩道用,
646,43.076166 ,141.393965 ,北海道札幌市東区本町二条７丁目１,01103,東区,123-PS,歩道用,
647,43.074492 ,141.392581 ,北海道札幌市東区苗穂町９丁目６,01103,東区,124-PS,歩道用,
648,43.077428 ,141.394914 ,北海道札幌市東区本町二条７丁目５,01103,東区,125-PS,歩道用,
649,43.088927 ,141.398955 ,北海道札幌市東区伏古七条５丁目５,01103,東区,126-PS,歩道用,
650,43.090328 ,141.395940 ,北海道札幌市東区伏古八条４丁目１,01103,東区,127-PS,歩道用,
651,43.094964 ,141.360093 ,北海道札幌市東区北二十六条東７丁目３,01103,東区,128-W,歩道用,
652,43.076795 ,141.363955 ,北海道札幌市東区北十一条東７丁目１,01103,東区,202-TS,歩道用,
653,43.095014 ,141.371588 ,北海道札幌市東区北二十四条東１６丁目１,01103,東区,203-TS,歩道用,
654,43.095100 ,141.371582 ,北海道札幌市東区北二十五条東１６丁目１,01103,東区,204-TS,歩道用,
655,43.113798 ,141.367089 ,北海道札幌市東区北四十二条東１６丁目１,01103,東区,205-TW,歩道用,
656,43.101814 ,141.361755 ,北海道札幌市東区北三十三条東１０丁目１,01103,東区,301-W,歩道用,
657,43.102160 ,141.364437 ,北海道札幌市東区北三十三条東１２丁目５,01103,東区,302-W,歩道用,
658,43.100182 ,141.365213 ,北海道札幌市東区北三十一条東１２丁目２,01103,東区,303-W,歩道用,
659,43.102087 ,141.364884 ,北海道札幌市東区北三十二条東１３丁目１,01103,東区,304-W,歩道用,
660,43.100314 ,141.366952 ,北海道札幌市東区北三十条東１４丁目１,01103,東区,305-W,歩道用,
661,43.102264 ,141.366324 ,北海道札幌市東区北三十二条東１４丁目１,01103,東区,306-W,歩道用,
662,43.058064 ,141.372021 ,北海道札幌市白石区菊水三条２丁目１,01104,白石区,F1,歩道用,
663,43.057932 ,141.371823 ,北海道札幌市白石区菊水二条２丁目１,01104,白石区,F2,歩道用,
664,43.056477 ,141.373461 ,北海道札幌市白石区菊水二条２丁目３,01104,白石区,F3,歩道用,
665,43.055443 ,141.375011 ,北海道札幌市白石区菊水三条３丁目１,01104,白石区,F4,歩道用,
666,43.056575 ,141.373767 ,北海道札幌市白石区菊水三条２丁目５,01104,白石区,F5,歩道用,
667,43.052263 ,141.383760 ,北海道札幌市白石区東札幌二条１丁目３,01104,白石区,F6,歩道用,
668,43.052177 ,141.383881 ,北海道札幌市白石区東札幌二条２丁目４,01104,白石区,F7,歩道用,
669,43.052432 ,141.383901 ,北海道札幌市白石区東札幌三条１丁目２,01104,白石区,F8,歩道用,
670,43.052334 ,141.384060 ,北海道札幌市白石区東札幌三条２丁目１,01104,白石区,F9,歩道用,
671,43.051248 ,141.385555 ,北海道札幌市白石区東札幌二条２丁目４,01104,白石区,F10,歩道用,
672,43.051186 ,141.385684 ,北海道札幌市白石区東札幌二条３丁目９,01104,白石区,F11,歩道用,
673,43.051337 ,141.385845 ,北海道札幌市白石区東札幌三条３丁目１,01104,白石区,F12,歩道用,
674,43.051940 ,141.384729 ,北海道札幌市白石区東札幌三条２丁目１,01104,白石区,F13,歩道用,
675,43.049577 ,141.388482 ,北海道札幌市白石区東札幌二条４丁目２,01104,白石区,F15,歩道用,
676,43.047590 ,141.404352 ,北海道札幌市白石区本郷通３丁目南２,01104,白石区,F17,歩道用,
677,43.054673 ,141.412934 ,北海道札幌市白石区平和通３丁目北５,01104,白石区,F19,歩道用,
678,43.053977 ,141.414061 ,北海道札幌市白石区平和通３丁目北５,01104,白石区,F20,歩道用,
679,43.054134 ,141.414483 ,北海道札幌市白石区平和通４丁目北５,01104,白石区,F21,歩道用,
680,43.040617 ,141.409883 ,北海道札幌市白石区南郷通６丁目南９,01104,白石区,F22,歩道用,
681,43.040771 ,141.410230 ,北海道札幌市白石区南郷通７丁目北１,01104,白石区,F23,歩道用,
682,43.039869 ,141.411701 ,北海道札幌市白石区南郷通７丁目南６,01104,白石区,F24,歩道用,
683,43.039807 ,141.411892 ,北海道札幌市白石区南郷通８丁目南４,01104,白石区,F25,歩道用,
684,43.040114 ,141.411860 ,北海道札幌市白石区南郷通７丁目北５,01104,白石区,F26,歩道用,
685,43.040033 ,141.412064 ,北海道札幌市白石区南郷通８丁目北１,01104,白石区,F27,歩道用,
686,43.035711 ,141.422569 ,北海道札幌市白石区南郷通１３丁目南５,01104,白石区,F28,歩道用,
687,43.035638 ,141.422764 ,北海道札幌市白石区南郷通１４丁目南３,01104,白石区,F29,歩道用,
688,43.035924 ,141.422772 ,北海道札幌市白石区本郷通１３丁目南５,01104,白石区,F30,歩道用,
689,43.055319 ,141.374851 ,北海道札幌市白石区菊水二条３丁目２,01104,白石区,F31,歩道用,
690,43.047100 ,141.439005 ,北海道札幌市白石区北郷一条１３丁目１,01104,白石区,F32,歩道用,
691,43.055383 ,141.414053 ,北海道札幌市白石区北郷一条４丁目６,01104,白石区,F33,歩道用,
692,43.044886 ,141.421052 ,北海道札幌市白石区平和通９丁目南１,01104,白石区,F34,歩道用,
693,43.037583 ,141.424818 ,北海道札幌市白石区南郷通１４丁目北４,01104,白石区,F35,歩道用,
694,43.052994 ,141.383154 ,北海道札幌市白石区東札幌三条１丁目１,01104,白石区,F36,歩道用,
695,43.052863 ,141.383296 ,北海道札幌市白石区東札幌三条１丁目２,01104,白石区,F37,歩道用,
696,43.049548 ,141.383978 ,北海道札幌市白石区東札幌一条３丁目２,01104,白石区,F38,歩道用,
697,43.054668 ,141.413516 ,北海道札幌市白石区平和通３丁目北６,01104,白石区,F39,歩道用,
698,43.044525 ,141.409951 ,北海道札幌市白石区本郷通６丁目南１,01104,白石区,F40,歩道用,
699,43.030155 ,141.434912 ,北海道札幌市白石区南郷通１８丁目南４,01104,白石区,T1,歩道用,
700,43.030531 ,141.435047 ,北海道札幌市白石区南郷通１８丁目北７,01104,白石区,T2,歩道用,
701,43.030094 ,141.435340 ,北海道札幌市白石区南郷通１９丁目南３,01104,白石区,T3,歩道用,
702,43.053786 ,141.385433 ,北海道札幌市白石区東札幌四条２丁目１,01104,白石区,C1,歩道用,
703,43.056439 ,141.373937 ,北海道札幌市白石区菊水三条３丁目１,01104,白石区,C2,歩道用,
704,43.049548 ,141.438810 ,北海道札幌市白石区北郷二条１２丁目７,01104,白石区,C3,歩道用,
705,43.046263 ,141.396402 ,北海道札幌市白石区東札幌三条６丁目１,01104,白石区,C4,歩道用,
706,43.045956 ,141.396594 ,北海道札幌市白石区南郷通１丁目南８,01104,白石区,C5,歩道用,
707,43.046096 ,141.396163 ,北海道札幌市白石区東札幌二条６丁目５,01104,白石区,C8,歩道用,
708,43.046161 ,141.396846 ,北海道札幌市白石区南郷通１丁目北１,01104,白石区,C9,歩道用,
709,43.035849 ,141.423006 ,北海道札幌市白石区南郷通１４丁目北１,01104,白石区,C7,歩道用,
710,43.030349 ,141.435614 ,北海道札幌市白石区南郷通１９丁目北１,01104,白石区,C6,歩道用,
711,43.037546 ,141.479753 ,北海道札幌市厚別区厚別中央一条７丁目１７,01108,厚別区,101,歩道用,
712,43.038018 ,141.473928 ,北海道札幌市厚別区厚別中央一条５丁目４,01108,厚別区,102,歩道用,
713,43.038012 ,141.473335 ,北海道札幌市厚別区厚別中央二条５丁目７,01108,厚別区,103,歩道用,
714,43.035629 ,141.474163 ,北海道札幌市厚別区厚別中央一条５丁目２,01108,厚別区,104,歩道用,
715,43.035761 ,141.474501 ,北海道札幌市厚別区厚別中央一条５丁目３,01108,厚別区,105,歩道用,
716,43.033918 ,141.470026 ,北海道札幌市厚別区青葉町１丁目１,01108,厚別区,106,歩道用,
717,43.033009 ,141.465769 ,北海道札幌市厚別区厚別中央一条３丁目５,01108,厚別区,107,歩道用,
718,43.031937 ,141.463205 ,北海道札幌市厚別区厚別中央一条２丁目１３,01108,厚別区,108,歩道用,
719,43.027118 ,141.453628 ,北海道札幌市厚別区大谷地東３丁目２,01108,厚別区,109,歩道用,
720,43.031994 ,141.465966 ,北海道札幌市厚別区厚別南１丁目９,01108,厚別区,110,歩道用,
721,43.028123 ,141.453243 ,北海道札幌市厚別区大谷地東２丁目４,01108,厚別区,111,歩道用,
722,43.034112 ,141.469784 ,北海道札幌市厚別区厚別中央一条４丁目１,01108,厚別区,112,歩道用,
723,43.039223 ,141.471051 ,北海道札幌市厚別区厚別中央二条５丁目３,01108,厚別区,113,歩道用,
724,43.038807 ,141.470849 ,北海道札幌市厚別区厚別中央二条５丁目２,01108,厚別区,114,歩道用,
725,43.038898 ,141.473793 ,北海道札幌市厚別区厚別中央二条５丁目５,01108,厚別区,115,歩道用,
726,43.039500 ,141.474380 ,北海道札幌市厚別区厚別中央一条６丁目３,01108,厚別区,116,歩道用,
727,43.035481 ,141.474578 ,北海道札幌市厚別区青葉町３丁目１,01108,厚別区,117,歩道用,
728,43.031695 ,141.463301 ,北海道札幌市厚別区厚別南１丁目２,01108,厚別区,118,歩道用,
729,43.033770 ,141.469670 ,北海道札幌市厚別区厚別南２丁目１０,01108,厚別区,119,歩道用,
730,43.027805 ,141.453262 ,北海道札幌市厚別区大谷地東３丁目２,01108,厚別区,120,歩道用,
731,43.024451 ,141.483298 ,北海道札幌市厚別区青葉町９丁目１４,01108,厚別区,121,歩道用,
732,43.024330 ,141.483305 ,北海道札幌市厚別区青葉町１０丁目３,01108,厚別区,122,歩道用,
733,43.047432 ,141.459324 ,北海道札幌市厚別区厚別西三条２丁目１,01108,厚別区,123,歩道用,
734,43.057400 ,141.476932 ,北海道札幌市厚別区厚別北三条３丁目１１,01108,厚別区,124,歩道用,
735,43.037493 ,141.479604 ,北海道札幌市厚別区厚別中央一条７丁目１,01108,厚別区,125,歩道用,
736,43.039700 ,141.469688 ,北海道札幌市厚別区厚別中央二条５丁目３,01108,厚別区,126,歩道用,
737,43.039365 ,141.472130 ,北海道札幌市厚別区厚別中央二条５丁目５,01108,厚別区,127,歩道用,
738,43.023172 ,141.460039 ,北海道札幌市厚別区大谷地東５丁目８,01108,厚別区,128,歩道用,
739,43.035415 ,141.474380 ,北海道札幌市厚別区青葉町２丁目５,01108,厚別区,129,歩道用,
740,43.038189 ,141.472611 ,北海道札幌市厚別区厚別中央二条５丁目７,01108,厚別区,130,歩道用,
741,43.038357 ,141.472675 ,北海道札幌市厚別区厚別中央二条５丁目６,01108,厚別区,131,歩道用,
742,43.016399 ,141.474118 ,北海道札幌市厚別区上野幌一条４丁目１４,01108,厚別区,132,歩道用,
743,43.044873 ,141.463265 ,北海道札幌市厚別区厚別中央五条３丁目３,01108,厚別区,133,歩道用,
744,43.015684 ,141.470309 ,北海道札幌市厚別区上野幌三条２丁目７,01108,厚別区,134,歩道用,
745,43.037332 ,141.479906 ,北海道札幌市厚別区青葉町１１丁目２,01108,厚別区,135,歩道用,
746,43.037285 ,141.479774 ,北海道札幌市厚別区青葉町１１丁目１,01108,厚別区,136,歩道用,
747,43.049143 ,141.464623 ,北海道札幌市厚別区厚別西二条４丁目２,01108,厚別区,137,歩道用,
748,43.027044 ,141.453705 ,北海道札幌市厚別区大谷地東３丁目３,01108,厚別区,138,歩道用,
749,43.045398 ,141.463796 ,北海道札幌市厚別区厚別西一条３丁目１,01108,厚別区,139,歩道用,
750,43.054786 ,141.485621 ,北海道札幌市厚別区厚別東四条８丁目１,01108,厚別区,140,歩道用,
751,43.054380 ,141.488796 ,北海道札幌市厚別区厚別東四条７丁目２６,01108,厚別区,141,歩道用,
752,43.031284 ,141.491191 ,北海道札幌市厚別区もみじ台西６丁目１,01108,厚別区,142,歩道用,
753,43.049216 ,141.488591 ,北海道札幌市厚別区厚別東三条６丁目４,01108,厚別区,143,歩道用,
754,43.049531 ,141.489159 ,北海道札幌市厚別区厚別東三条７丁目６,01108,厚別区,144,歩道用,
755,43.036178 ,141.474180 ,北海道札幌市厚別区厚別中央一条５丁目３,01108,厚別区,147,歩道用,
756,43.037753 ,141.470977 ,北海道札幌市厚別区厚別中央二条５丁目１,01108,厚別区,148,歩道用,
757,43.037191 ,141.471216 ,北海道札幌市厚別区厚別中央二条５丁目１,01108,厚別区,149,歩道用,
758,43.036384 ,141.470902 ,北海道札幌市厚別区厚別中央二条５丁目１,01108,厚別区,150,歩道用,
759,43.056073 ,141.485676 ,北海道札幌市厚別区厚別東四条８丁目１４,01108,厚別区,151,歩道用,
760,43.056702 ,141.481026 ,北海道札幌市厚別区厚別北一条４丁目３,01108,厚別区,152,歩道用,
761,43.056501 ,141.481856 ,北海道札幌市厚別区厚別東五条８丁目３,01108,厚別区,153,歩道用,
762,43.050558 ,141.487431 ,北海道札幌市厚別区厚別東三条７丁目２,01108,厚別区,154,歩道用,
763,43.029904 ,141.493889 ,北海道札幌市厚別区もみじ台東３丁目１,01108,厚別区,155,歩道用,
764,43.037550 ,141.469776 ,北海道札幌市厚別区厚別中央二条４丁目１１,01108,厚別区,156,歩道用,
765,43.027288 ,141.447062 ,北海道札幌市厚別区大谷地西２丁目２,01108,厚別区,158,歩道用,
766,43.056941 ,141.485302 ,北海道札幌市厚別区厚別東四条８丁目１７,01108,厚別区,159,歩道用,
767,43.056500 ,141.485405 ,北海道札幌市厚別区厚別東四条８丁目１５,01108,厚別区,160,歩道用,
768,43.032247 ,141.502429 ,北海道札幌市厚別区下野幌テクノパーク１丁目１,01108,厚別区,161,歩道用,
769,43.041214 ,141.491571 ,北海道札幌市厚別区厚別東一条５丁目３,01108,厚別区,162,歩道用,
770,43.027854 ,141.493405 ,北海道札幌市厚別区もみじ台南２丁目３,01108,厚別区,163,歩道用,
771,43.031217 ,141.476076 ,北海道札幌市厚別区青葉町３丁目３,01108,厚別区,164,歩道用,
772,43.034181 ,141.459175 ,北海道札幌市厚別区厚別中央三条２丁目１６,01108,厚別区,165,歩道用,
773,43.033002 ,141.456890 ,北海道札幌市厚別区厚別中央三条１丁目１０,01108,厚別区,166,歩道用,
774,43.024061 ,141.484765 ,北海道札幌市厚別区青葉町１６丁目１,01108,厚別区,167,歩道用,
775,43.030990 ,141.477527 ,北海道札幌市厚別区青葉町３丁目３,01108,厚別区,168,歩道用,
776,43.023241 ,141.462719 ,北海道札幌市厚別区上野幌一条１丁目１,01108,厚別区,169,歩道用,
777,43.049234 ,141.464424 ,北海道札幌市厚別区厚別西三条３丁目４,01108,厚別区,170,歩道用,
778,43.051638 ,141.455313 ,北海道札幌市厚別区厚別西五条２丁目１,01108,厚別区,171,歩道用,
779,43.051416 ,141.455136 ,北海道札幌市厚別区厚別西四条１丁目１０,01108,厚別区,172,歩道用,
780,43.029422 ,141.477434 ,北海道札幌市厚別区青葉町７丁目１,01108,厚別区,173,歩道用,
781,43.042322 ,141.479510 ,北海道札幌市厚別区厚別東二条１丁目２,01108,厚別区,174,歩道用,
782,43.053194 ,141.461938 ,北海道札幌市厚別区厚別西四条４丁目６,01108,厚別区,175,歩道用,
783,43.053393 ,141.461814 ,北海道札幌市厚別区厚別西五条４丁目１,01108,厚別区,176,歩道用,
784,43.029576 ,141.466114 ,北海道札幌市厚別区厚別南２丁目３１,01108,厚別区,177,歩道用,
785,43.028861 ,141.465805 ,北海道札幌市厚別区厚別南２丁目３１,01108,厚別区,178,歩道用,
786,43.031503 ,141.480634 ,北海道札幌市厚別区青葉町１３丁目２４,01108,厚別区,179,歩道用,
787,43.027981 ,141.459277 ,北海道札幌市厚別区大谷地東７丁目６,01108,厚別区,180,歩道用,
788,43.024081 ,141.472163 ,北海道札幌市厚別区厚別南５丁目１,01108,厚別区,181,歩道用,
789,43.024686 ,141.471653 ,北海道札幌市厚別区厚別南４丁目２２,01108,厚別区,182,歩道用,
790,43.027616 ,141.456549 ,北海道札幌市厚別区大谷地東５丁目１４,01108,厚別区,183,歩道用,
791,43.022715 ,141.475950 ,北海道札幌市厚別区厚別南５丁目１０,01108,厚別区,184,歩道用,
792,43.026719 ,141.494317 ,北海道札幌市厚別区もみじ台南２丁目２,01108,厚別区,185,歩道用,
793,43.039726 ,141.496305 ,北海道札幌市厚別区厚別東一条６丁目１,01108,厚別区,186,歩道用,
794,43.023552 ,141.504639 ,北海道札幌市厚別区もみじ台南７丁目３,01108,厚別区,187,歩道用,
795,43.034263 ,141.462486 ,北海道札幌市厚別区厚別中央二条３丁目１,01108,厚別区,188,歩道用,
796,43.055865 ,141.479132 ,北海道札幌市厚別区厚別北二条４丁目１,01108,厚別区,189,歩道用,
797,43.057645 ,141.477390 ,北海道札幌市厚別区厚別北二条４丁目２,01108,厚別区,190,歩道用,
798,43.056946 ,141.472410 ,北海道札幌市厚別区厚別北三条２丁目１１,01108,厚別区,191,歩道用,
799,43.061117 ,141.477369 ,北海道札幌市厚別区厚別北四条５丁目１,01108,厚別区,192,歩道用,
800,43.039229 ,141.484474 ,北海道札幌市厚別区厚別東一条１丁目３,01108,厚別区,193,歩道用,
801,43.051154 ,141.484814 ,北海道札幌市厚別区厚別東四条４丁目８,01108,厚別区,194,歩道用,
802,43.040941 ,141.473285 ,北海道札幌市厚別区厚別中央二条５丁目４,01108,厚別区,195,歩道用,
803,43.029933 ,141.470855 ,北海道札幌市厚別区厚別南２丁目２１,01108,厚別区,196,歩道用,
804,43.016244 ,141.478081 ,北海道札幌市厚別区上野幌一条５丁目１,01108,厚別区,197,歩道用,
805,43.042857 ,141.480606 ,北海道札幌市厚別区厚別東二条２丁目３,01108,厚別区,198,歩道用,
806,43.058894 ,141.475310 ,北海道札幌市厚別区厚別北四条３丁目１５,01108,厚別区,199,歩道用,
807,43.024622 ,141.499296 ,北海道札幌市厚別区もみじ台南４丁目２,01108,厚別区,200,歩道用,
808,43.047172 ,141.476452 ,北海道札幌市厚別区厚別東五条２丁目１,01108,厚別区,201,歩道用,
809,43.048163 ,141.478774 ,北海道札幌市厚別区厚別東五条２丁目７,01108,厚別区,202,歩道用,
810,43.047173 ,141.479329 ,北海道札幌市厚別区厚別東四条２丁目４,01108,厚別区,203,歩道用,
811,43.047516 ,141.485101 ,北海道札幌市厚別区厚別東三条４丁目４,01108,厚別区,204,歩道用,
812,43.028120 ,141.471477 ,北海道札幌市厚別区厚別南２丁目１７,01108,厚別区,205,歩道用,
813,43.039724 ,141.488319 ,北海道札幌市厚別区厚別東一条３丁目１３,01108,厚別区,206,歩道用,
814,43.035604 ,141.487215 ,北海道札幌市厚別区もみじ台北４丁目６,01108,厚別区,207,歩道用,
815,43.034729 ,141.489156 ,北海道札幌市厚別区もみじ台北４丁目７,01108,厚別区,208,歩道用,
816,43.026813 ,141.490397 ,北海道札幌市厚別区もみじ台南１丁目１,01108,厚別区,209,歩道用,
817,43.031463 ,141.485754 ,北海道札幌市厚別区もみじ台西３丁目４,01108,厚別区,210,歩道用,
818,43.029400 ,141.487463 ,北海道札幌市厚別区もみじ台西５丁目,01108,厚別区,211,歩道用,
819,43.034856 ,141.495043 ,北海道札幌市厚別区もみじ台北６丁目３,01108,厚別区,212,歩道用,
820,43.027694 ,141.495275 ,北海道札幌市厚別区もみじ台南４丁目１,01108,厚別区,213,歩道用,
821,43.028751 ,141.461903 ,北海道札幌市厚別区大谷地東７丁目１,01108,厚別区,214,歩道用,
822,43.039106 ,141.476934 ,北海道札幌市厚別区厚別中央一条７丁目１,01108,厚別区,215,歩道用,
823,43.041517 ,141.474796 ,北海道札幌市厚別区厚別中央二条６丁目４,01108,厚別区,216,歩道用,
824,43.040858 ,141.476686 ,北海道札幌市厚別区厚別中央一条７丁目５,01108,厚別区,217,歩道用,
825,43.040075 ,141.475230 ,北海道札幌市厚別区厚別中央一条６丁目２,01108,厚別区,218,歩道用,
826,43.029140 ,141.456479 ,北海道札幌市厚別区大谷地東４丁目２,01108,厚別区,219,歩道用,
827,43.025171 ,141.455763 ,北海道札幌市厚別区大谷地東５丁目２,01108,厚別区,220,歩道用,
828,43.026812 ,141.456221 ,北海道札幌市厚別区大谷地東５丁目１４,01108,厚別区,221,歩道用,
829,43.032077 ,141.491331 ,北海道札幌市厚別区もみじ台西６丁目１,01108,厚別区,222,歩道用,
830,43.032277 ,141.484340 ,北海道札幌市厚別区青葉町１２丁目８,01108,厚別区,223,歩道用,
831,43.032888 ,141.467445 ,北海道札幌市厚別区厚別南２丁目６,01108,厚別区,224,歩道用,
832,43.032654 ,141.466932 ,北海道札幌市厚別区厚別南２丁目５,01108,厚別区,225,歩道用,
833,43.031642 ,141.469928 ,北海道札幌市厚別区厚別南２丁目２２,01108,厚別区,226,歩道用,
834,43.033819 ,141.490086 ,北海道札幌市厚別区もみじ台西４丁目２,01108,厚別区,227,歩道用,
835,43.033294 ,141.488846 ,北海道札幌市厚別区もみじ台西４丁目２,01108,厚別区,228,歩道用,
836,43.031282 ,141.466319 ,北海道札幌市厚別区厚別南２丁目２,01108,厚別区,229,歩道用,
837,43.023781 ,141.451976 ,北海道札幌市厚別区大谷地西５丁目１８,01108,厚別区,230,歩道用,
838,43.026637 ,141.491552 ,北海道札幌市厚別区もみじ台南２丁目３,01108,厚別区,231,歩道用,
839,43.024873 ,141.477745 ,北海道札幌市厚別区厚別南６丁目,01108,厚別区,232,歩道用,
840,43.027840 ,141.495397 ,北海道札幌市厚別区もみじ台東３丁目２,01108,厚別区,234,歩道用,
841,43.016501 ,141.487660 ,北海道札幌市厚別区厚別町上野幌,01108,厚別区,235,歩道用,
842,43.020308 ,141.455507 ,北海道札幌市厚別区大谷地西６丁目３,01108,厚別区,237,歩道用,
843,43.036007 ,141.465243 ,北海道札幌市厚別区厚別中央二条３丁目５,01108,厚別区,238,歩道用,
844,43.045353 ,141.468623 ,北海道札幌市厚別区厚別中央五条４丁目９,01108,厚別区,239,歩道用,
845,43.050119 ,141.471807 ,北海道札幌市厚別区厚別西一条５丁目４,01108,厚別区,240,歩道用,
846,43.055538 ,141.468496 ,北海道札幌市厚別区厚別西五条６丁目,01108,厚別区,241,歩道用,
847,43.039350 ,141.493308 ,北海道札幌市厚別区もみじ台北２丁目３,01108,厚別区,242,歩道用,
848,43.039223 ,141.493808 ,北海道札幌市厚別区もみじ台北２丁目３,01108,厚別区,243,歩道用,
849,43.027643 ,141.459584 ,北海道札幌市厚別区大谷地東７丁目６,01108,厚別区,245,歩道用,
850,43.036829 ,141.473807 ,北海道札幌市厚別区厚別中央一条５丁目４,01108,厚別区,157,歩道用,
851,43.038557 ,141.471010 ,北海道札幌市厚別区厚別中央二条５丁目７,01108,厚別区,236,歩道用,
852,43.036748 ,141.473508 ,北海道札幌市厚別区厚別中央一条５丁目２,01108,厚別区,145,歩道用,
853,43.036871 ,141.474233 ,北海道札幌市厚別区厚別中央一条５丁目３,01108,厚別区,146,歩道用,
854,43.039921 ,141.497474 ,北海道札幌市厚別区厚別東一条６丁目９,01108,厚別区,233,歩道用,
855,43.045485 ,141.463689 ,北海道札幌市厚別区厚別西一条３丁目１,01108,厚別区,244,歩道用,
856,43.028917 ,141.392969 ,北海道札幌市豊平区月寒西二条７丁目２,01105,豊平区,1501,歩道用,
857,43.028815 ,141.393001 ,北海道札幌市豊平区月寒西二条８丁目３,01105,豊平区,1502,歩道用,
858,43.023802 ,141.391705 ,北海道札幌市豊平区月寒西三条１０丁目２,01105,豊平区,1503,歩道用,
859,43.023599 ,141.391864 ,北海道札幌市豊平区西岡四条１丁目１,01105,豊平区,1504,歩道用,
860,43.031211 ,141.400196 ,北海道札幌市豊平区月寒東一条７丁目５,01105,豊平区,1505,歩道用,
861,43.031118 ,141.400482 ,北海道札幌市豊平区月寒東二条８丁目１,01105,豊平区,1506,歩道用,
862,43.017471 ,141.423144 ,北海道札幌市豊平区月寒東三条１８丁目２０,01105,豊平区,1507,歩道用,
863,43.038663 ,141.399626 ,北海道札幌市豊平区月寒東二条３丁目３,01105,豊平区,1508,歩道用,
864,43.024022 ,141.387026 ,北海道札幌市豊平区西岡二条１丁目２,01105,豊平区,1509,歩道用,
865,43.034874 ,141.389830 ,北海道札幌市豊平区月寒西一条３丁目１,01105,豊平区,1510,歩道用,
866,43.017910 ,141.400571 ,北海道札幌市豊平区福住一条３丁目１０,01105,豊平区,2501,歩道用,
867,43.017902 ,141.400849 ,北海道札幌市豊平区福住二条２丁目１,01105,豊平区,2502,歩道用,
868,43.014688 ,141.397505 ,北海道札幌市豊平区福住二条５丁目１,01105,豊平区,2503,歩道用,
869,43.014942 ,141.397522 ,北海道札幌市豊平区福住一条４丁目１１,01105,豊平区,2504,歩道用,
870,43.016826 ,141.388392 ,北海道札幌市豊平区西岡四条４丁目１,01105,豊平区,2505,歩道用,
871,43.012355 ,141.387724 ,北海道札幌市豊平区西岡三条６丁目９,01105,豊平区,2506,歩道用,
872,43.010262 ,141.387148 ,北海道札幌市豊平区西岡三条７丁目３,01105,豊平区,2507,歩道用,
873,43.007717 ,141.386539 ,北海道札幌市豊平区西岡三条８丁目５,01105,豊平区,2508,歩道用,
874,43.005990 ,141.385320 ,北海道札幌市豊平区西岡三条８丁目１１,01105,豊平区,2509,歩道用,
875,43.005749 ,141.385449 ,北海道札幌市豊平区西岡四条９丁目１,01105,豊平区,2510,歩道用,
876,43.018588 ,141.401798 ,北海道札幌市豊平区福住二条１丁目３,01105,豊平区,2511,歩道用,
877,43.014318 ,141.399160 ,北海道札幌市豊平区福住二条５丁目４,01105,豊平区,2512,歩道用,
878,43.007266 ,141.381294 ,北海道札幌市豊平区西岡一条９丁目１９,01105,豊平区,C-12,歩道用,
879,43.011225 ,141.387486 ,北海道札幌市豊平区西岡三条７丁目１,01105,豊平区,2514,歩道用,
880,43.002444 ,141.384589 ,北海道札幌市豊平区西岡四条１０丁目１,01105,豊平区,2515,歩道用,
881,43.000398 ,141.382798 ,北海道札幌市豊平区西岡四条１０丁目７,01105,豊平区,2516,歩道用,
882,43.013367 ,141.396219 ,北海道札幌市豊平区福住一条６丁目１０,01105,豊平区,2517,歩道用,
883,43.036442 ,141.385514 ,北海道札幌市豊平区美園七条６丁目３,01105,豊平区,3501,歩道用,
884,43.036181 ,141.385737 ,北海道札幌市豊平区美園八条７丁目１,01105,豊平区,3502,歩道用,
885,43.032537 ,141.381150 ,北海道札幌市豊平区美園十二条６丁目４,01105,豊平区,3503,歩道用,
886,43.031974 ,141.380916 ,北海道札幌市豊平区平岸六条１０丁目１,01105,豊平区,3504,歩道用,
887,43.041059 ,141.377970 ,北海道札幌市豊平区美園七条１丁目４,01105,豊平区,3505,歩道用,
888,43.041078 ,141.377737 ,北海道札幌市豊平区豊平八条１３丁目２,01105,豊平区,3506,歩道用,
889,43.042482 ,141.375628 ,北海道札幌市豊平区豊平五条１１丁目１,01105,豊平区,3507,歩道用,
890,43.047836 ,141.369085 ,北海道札幌市豊平区豊平六条６丁目１,01105,豊平区,3508,歩道用,
891,43.045051 ,141.371513 ,北海道札幌市豊平区豊平七条９丁目１,01105,豊平区,3509,歩道用,
892,43.048948 ,141.380846 ,北海道札幌市白石区東札幌一条２丁目１,01104,豊平区,3510,歩道用,
893,43.031219 ,141.376179 ,北海道札幌市豊平区平岸四条９丁目６,01105,豊平区,4510,歩道用,
894,43.038074 ,141.359991 ,北海道札幌市豊平区中の島一条２丁目２,01105,豊平区,4501,歩道用,
895,43.036031 ,141.359177 ,北海道札幌市豊平区中の島一条３丁目２,01105,豊平区,4502,歩道用,
896,43.026420 ,141.371249 ,北海道札幌市豊平区平岸４条１３丁目１－１,01105,豊平区,4503,歩道用,
897,43.037696 ,141.361064 ,北海道札幌市豊平区中の島二条１丁目３,01105,豊平区,4504,歩道用,
898,43.037654 ,141.360721 ,北海道札幌市豊平区中の島一条２丁目２,01105,豊平区,4505,歩道用,
899,43.025805 ,141.375260 ,北海道札幌市豊平区平岸四条１３丁目９,01105,豊平区,4506,歩道用,
900,43.026169 ,141.371777 ,北海道札幌市豊平区平岸四条１４丁目２,01105,豊平区,4507,歩道用,
901,43.023752 ,141.357035 ,北海道札幌市豊平区中の島一条９丁目４,01105,豊平区,4508,歩道用,
902,43.023775 ,141.358808 ,北海道札幌市豊平区中の島二条９丁目６,01105,豊平区,4509,歩道用,
903,43.033922 ,141.359408 ,北海道札幌市豊平区中の島一条４丁目７,01105,豊平区,4513,歩道用,
904,42.995033 ,141.455787 ,北海道札幌市清田区平岡三条５丁目１,01110,清田区,1,歩道用,
905,42.994945 ,141.455961 ,北海道札幌市清田区平岡三条５丁目３,01110,清田区,2,歩道用,
906,42.994827 ,141.455824 ,北海道札幌市清田区平岡二条５丁目３,01110,清田区,3,歩道用,
907,42.994881 ,141.455653 ,北海道札幌市清田区平岡二条５丁目２,01110,清田区,4,歩道用,
908,42.998991 ,141.445114 ,北海道札幌市清田区平岡一条１丁目２,01110,清田区,5,歩道用,
909,43.001239 ,141.443344 ,北海道札幌市清田区清田一条３丁目７,01110,清田区,6,歩道用,
910,43.006328 ,141.450963 ,北海道札幌市清田区平岡四条１丁目９,01110,清田区,7,歩道用,
911,42.999083 ,141.445241 ,北海道札幌市清田区平岡二条１丁目１,01110,清田区,8,歩道用,
912,43.000889 ,141.443460 ,北海道札幌市清田区平岡一条１丁目２,01110,清田区,9,歩道用,
913,42.999510 ,141.442752 ,北海道札幌市清田区平岡一条１丁目２,01110,清田区,10,歩道用,
914,42.999551 ,141.442542 ,北海道札幌市清田区清田一条４丁目５,01110,清田区,11,歩道用,
915,43.001074 ,141.443249 ,北海道札幌市清田区清田一条４丁目４,01110,清田区,12,歩道用,
916,43.010093 ,141.434151 ,北海道札幌市清田区北野二条３丁目７,01110,清田区,13,歩道用,
917,43.010114 ,141.433978 ,北海道札幌市清田区北野二条２丁目２０,01110,清田区,14,歩道用,
918,43.002967 ,141.429200 ,北海道札幌市清田区清田二条１丁目１４,01110,清田区,15,歩道用,
919,43.002752 ,141.429040 ,北海道札幌市清田区清田三条１丁目３,01110,清田区,16,歩道用,
920,43.002663 ,141.429250 ,北海道札幌市清田区清田三条２丁目１,01110,清田区,17,歩道用,
921,43.002881 ,141.429402 ,北海道札幌市清田区清田二条２丁目４,01110,清田区,18,歩道用,
922,43.000911 ,141.433167 ,北海道札幌市清田区清田二条２丁目１８,01110,清田区,19,歩道用,
923,43.000730 ,141.432946 ,北海道札幌市清田区清田三条２丁目１２,01110,清田区,20,歩道用,
924,43.000599 ,141.433060 ,北海道札幌市清田区清田三条３丁目１,01110,清田区,21,歩道用,
925,43.000792 ,141.433302 ,北海道札幌市清田区清田二条３丁目３,01110,清田区,22,歩道用,
926,43.014983 ,141.451604 ,北海道札幌市清田区北野五条５丁目,01110,清田区,23,歩道用,
927,43.010672 ,141.454059 ,北海道札幌市清田区平岡七条２丁目,01110,清田区,24,歩道用,
928,43.017532 ,141.366704 ,北海道札幌市南区澄川四条１丁目１,01106,南区,5,歩道用,
929,43.017550 ,141.366532 ,北海道札幌市南区澄川三条１丁目９,01106,南区,6,歩道用,
930,43.017469 ,141.366516 ,北海道札幌市南区澄川三条２丁目３,01106,南区,7,歩道用,
931,43.017474 ,141.366692 ,北海道札幌市南区澄川四条２丁目１,01106,南区,8,歩道用,
932,43.015604 ,141.366435 ,北海道札幌市南区澄川四条２丁目２,01106,南区,9,歩道用,
933,43.015621 ,141.366251 ,北海道札幌市南区澄川三条２丁目４,01106,南区,10,歩道用,
934,43.015476 ,141.366233 ,北海道札幌市南区澄川三条３丁目３,01106,南区,11,歩道用,
935,43.015457 ,141.366429 ,北海道札幌市南区澄川四条３丁目１,01106,南区,12,歩道用,
936,43.005991 ,141.364588 ,北海道札幌市南区澄川四条７丁目２,01106,南区,29,歩道用,
937,43.006173 ,141.364444 ,北海道札幌市南区澄川三条６丁目４,01106,南区,30,歩道用,
938,42.991253 ,141.358020 ,北海道札幌市南区真駒内緑町４丁目１,01106,南区,54,歩道用,
939,42.991193 ,141.357544 ,北海道札幌市南区真駒内緑町４丁目１,01106,南区,55,歩道用,
940,42.991021 ,141.357556 ,北海道札幌市南区真駒内幸町３丁目２,01106,南区,56,歩道用,
941,42.991060 ,141.357985 ,北海道札幌市南区真駒内幸町３丁目２,01106,南区,57,歩道用,
942,42.990887 ,141.355345 ,北海道札幌市南区真駒内緑町３丁目５,01106,南区,58,歩道用,
943,42.990766 ,141.355358 ,北海道札幌市南区真駒内幸町２丁目１,01106,南区,59,歩道用,
944,42.990778 ,141.353724 ,北海道札幌市南区真駒内緑町３丁目５,01106,南区,60,歩道用,
945,42.990639 ,141.353637 ,北海道札幌市南区真駒内幸町２丁目１,01106,南区,61,歩道用,
946,42.990737 ,141.352900 ,北海道札幌市南区真駒内緑町２丁目１４,01106,南区,62,歩道用,
947,42.990598 ,141.352921 ,北海道札幌市南区真駒内幸町２丁目１,01106,南区,63,歩道用,
948,42.990732 ,141.352664 ,北海道札幌市南区真駒内緑町２丁目１４,01106,南区,64,歩道用,
949,42.989347 ,141.354779 ,北海道札幌市南区真駒内幸町２丁目２,01106,南区,66,歩道用,
950,42.989208 ,141.354762 ,北海道札幌市南区真駒内泉町３丁目１,01106,南区,67,歩道用,
951,42.989344 ,141.354448 ,北海道札幌市南区真駒内幸町２丁目２,01106,南区,68,歩道用,
952,42.989196 ,141.354439 ,北海道札幌市南区真駒内泉町２丁目１,01106,南区,69,歩道用,
953,42.989311 ,141.353104 ,北海道札幌市南区真駒内幸町２丁目２,01106,南区,70,歩道用,
954,42.989188 ,141.353111 ,北海道札幌市南区真駒内泉町１丁目１,01106,南区,71,歩道用,
955,42.989291 ,141.352790 ,北海道札幌市南区真駒内幸町１丁目３,01106,南区,72,歩道用,
956,42.989169 ,141.352801 ,北海道札幌市南区真駒内泉町１丁目１,01106,南区,73,歩道用,
957,42.990604 ,141.352650 ,北海道札幌市南区真駒内幸町１丁目３,01106,南区,263,歩道用,
958,42.990981 ,141.358217 ,北海道札幌市南区真駒内,01106,南区,269,歩道用,
959,42.990981 ,141.358217 ,北海道札幌市南区真駒内,01106,南区,270,歩道用,
960,43.017390 ,141.367332 ,北海道札幌市南区澄川四条２丁目５,01106,南区,273,歩道用,
961,43.017176 ,141.367195 ,北海道札幌市南区澄川四条２丁目１,01106,南区,274,歩道用,
962,43.017074 ,141.367211 ,北海道札幌市南区澄川４条２丁目４－１,01106,南区,275,歩道用,
963,43.017050 ,141.366743 ,北海道札幌市南区澄川四条２丁目２,01106,南区,284,歩道用,
964,43.013700 ,141.366138 ,北海道札幌市南区澄川四条３丁目３,01106,南区,285,歩道用,
965,43.014941 ,141.349578 ,北海道札幌市南区南三十三条西９丁目１,01106,南区,286,歩道用,
966,42.989999 ,141.352976 ,北海道札幌市南区真駒内幸町２丁目２,01106,南区,288,歩道用,
967,43.089392 ,141.271053 ,北海道札幌市西区宮の沢二条３丁目４,01107,西区,HK01,歩道用,
968,43.089336 ,141.271152 ,北海道札幌市西区宮の沢二条２丁目１１,01107,西区,HK02,歩道用,
969,43.095299 ,141.273717 ,北海道札幌市西区発寒七条１３丁目１,01107,西区,HK03,歩道用,
970,43.095199 ,141.273888 ,北海道札幌市西区発寒七条１２丁目３,01107,西区,HK04,歩道用,
971,43.096411 ,141.275025 ,北海道札幌市西区発寒七条１３丁目１,01107,西区,HK05,歩道用,
972,43.096479 ,141.275365 ,北海道札幌市西区発寒八条１２丁目１,01107,西区,HK06,歩道用,
973,43.097651 ,141.276666 ,北海道札幌市西区発寒八条１２丁目１,01107,西区,HK07,歩道用,
974,43.097714 ,141.276535 ,北海道札幌市西区発寒八条１３丁目１,01107,西区,HK08,歩道用,
975,43.096159 ,141.279179 ,北海道札幌市西区発寒八条１２丁目１,01107,西区,HK09,歩道用,
976,43.096086 ,141.279318 ,北海道札幌市西区発寒八条１１丁目３,01107,西区,HK10,歩道用,
977,43.098550 ,141.275646 ,北海道札幌市西区発寒九条１３丁目３,01107,西区,HK11,歩道用,
978,43.099438 ,141.276686 ,北海道札幌市西区発寒九条１３丁目１,01107,西区,HK12,歩道用,
979,43.074096 ,141.301079 ,北海道札幌市西区琴似一条６丁目４,01107,西区,HK14,歩道用,
980,43.074493 ,141.301290 ,北海道札幌市西区琴似二条７丁目１,01107,西区,HK15,歩道用,
981,43.094356 ,141.282515 ,北海道札幌市西区発寒九条１１丁目１,01107,西区,HK16,歩道用,
982,43.094004 ,141.282468 ,北海道札幌市西区発寒八条１０丁目３,01107,西区,HK17,歩道用,
983,43.065203 ,141.313983 ,北海道札幌市西区二十四軒一条７丁目１,01107,西区,KH06,歩道用,
984,43.065049 ,141.314307 ,北海道札幌市中央区北七条西２７丁目１,01101,西区,KH07,歩道用,
985,43.064874 ,141.314186 ,北海道札幌市中央区北六条西２７丁目１,01101,西区,KH08,歩道用,
986,43.065012 ,141.313917 ,北海道札幌市中央区宮の森一条１丁目１,01101,西区,KH09,歩道用,
987,43.069411 ,141.316509 ,北海道札幌市西区二十四軒一条４丁目１,01107,西区,KH10,歩道用,
988,43.069268 ,141.316849 ,北海道札幌市中央区北十条西２４丁目２,01101,西区,KH11,歩道用,
989,43.069051 ,141.316710 ,北海道札幌市中央区北九条西２４丁目３,01101,西区,KH12,歩道用,
990,43.069191 ,141.316399 ,北海道札幌市西区二十四軒一条５丁目１,01107,西区,KH13,歩道用,
991,43.069644 ,141.315333 ,北海道札幌市西区二十四軒一条５丁目４,01107,西区,KH14,歩道用,
992,43.070456 ,141.313957 ,北海道札幌市西区二十四軒一条４丁目６,01107,西区,KH15,歩道用,
993,43.074865 ,141.305174 ,北海道札幌市西区二十四軒四条５丁目１０,01107,西区,KH16,歩道用,
994,43.075062 ,141.305232 ,北海道札幌市西区琴似一条４丁目２,01107,西区,KH17,歩道用,
995,43.078196 ,141.302294 ,北海道札幌市西区琴似二条４丁目４,01107,西区,KH18,歩道用,
996,43.073027 ,141.299650 ,北海道札幌市西区琴似二条７丁目２,01107,西区,KH19,歩道用,
997,43.072914 ,141.299834 ,北海道札幌市西区琴似一条７丁目３,01107,西区,KH20,歩道用,
998,43.081946 ,141.289854 ,北海道札幌市西区発寒三条６丁目１,01107,西区,KH21,歩道用,
999,43.081847 ,141.290049 ,北海道札幌市西区発寒二条５丁目６,01107,西区,KH22,歩道用,
1000,43.081661 ,141.289837 ,北海道札幌市西区西町北７丁目４,01107,西区,KH23,歩道用,
1001,43.081798 ,141.289650 ,北海道札幌市西区西町北８丁目６,01107,西区,KH24,歩道用,
1002,43.089945 ,141.277553 ,北海道札幌市西区発寒六条１０丁目１,01107,西区,KH25,歩道用,
1003,43.089816 ,141.277756 ,北海道札幌市西区発寒六条９丁目３,01107,西区,KH26,歩道用,
1004,43.089637 ,141.277557 ,北海道札幌市西区発寒六条９丁目２,01107,西区,KH27,歩道用,
1005,43.089762 ,141.277365 ,北海道札幌市西区宮の沢一条１丁目１０,01107,西区,KH28,歩道用,
1006,43.089116 ,141.276907 ,北海道札幌市西区西町北２０丁目５,01107,西区,KH29,歩道用,
1007,43.089559 ,141.293652 ,北海道札幌市西区発寒六条３丁目２,01107,西区,KH30,歩道用,
1008,43.081172 ,141.308575 ,北海道札幌市西区八軒一条西１丁目１,01107,西区,KH31,歩道用,
1009,43.083741 ,141.311439 ,北海道札幌市西区八軒二条西１丁目３,01107,西区,KH32,歩道用,
1010,43.085037 ,141.312849 ,北海道札幌市西区八軒三条西１丁目５,01107,西区,KH33,歩道用,
1011,43.084955 ,141.312953 ,北海道札幌市西区八軒三条東１丁目７,01107,西区,KH34,歩道用,
1012,43.082903 ,141.322259 ,北海道札幌市西区八軒六条東４丁目１,01107,西区,KH35,歩道用,
1013,43.082667 ,141.322298 ,北海道札幌市西区八軒五条東５丁目５,01107,西区,KH36,歩道用,
1014,43.085739 ,141.325649 ,北海道札幌市西区八軒九条東５丁目１,01107,西区,KH37,歩道用,
1015,43.099818 ,141.293623 ,北海道札幌市西区発寒十四条３丁目３,01107,西区,KH38,歩道用,
1016,43.099715 ,141.293459 ,北海道札幌市西区発寒十三条４丁目１３,01107,西区,KH39,歩道用,
1017,43.101515 ,141.290920 ,北海道札幌市西区発寒十四条４丁目２,01107,西区,KH40,歩道用,
1018,43.101482 ,141.290525 ,北海道札幌市西区発寒十三条１１丁目３,01107,西区,KH41,歩道用,
1019,43.087020 ,141.315262 ,北海道札幌市西区八軒六条東１丁目４,01107,西区,KH42,歩道用,
1020,43.086980 ,141.314978 ,北海道札幌市西区八軒五条西１丁目１,01107,西区,KH43,歩道用,
1021,43.090084 ,141.293786 ,北海道札幌市西区発寒十条３丁目１,01107,西区,KH44,歩道用,
1022,43.083174 ,141.310814 ,北海道札幌市西区八軒二条西１丁目３,01107,西区,KH45,歩道用,
1023,43.082290 ,141.306523 ,北海道札幌市西区八軒一条西２丁目３,01107,西区,KH46,歩道用,
1024,43.088434 ,141.276150 ,北海道札幌市西区西町北２０丁目３,01107,西区,KH47,歩道用,
1025,43.071614 ,141.301729 ,北海道札幌市西区山の手二条１丁目４,01107,西区,KH48,歩道用,
1026,43.087469 ,141.274746 ,北海道札幌市西区宮の沢一条１丁目１,01107,西区,KH49,歩道用,
1027,43.076261 ,141.303214 ,北海道札幌市西区琴似二条４丁目２,01107,西区,TH1,歩道用,
1028,43.076171 ,141.303392 ,北海道札幌市西区琴似一条４丁目３,01107,西区,TH2,歩道用,
1029,43.076039 ,141.303228 ,北海道札幌市西区琴似一条５丁目４,01107,西区,TH3,歩道用,
1030,43.076127 ,141.303080 ,北海道札幌市西区琴似二条５丁目１,01107,西区,TH4,歩道用,
1031,43.077214 ,141.301206 ,北海道札幌市西区琴似二条５丁目４,01107,西区,TH5,歩道用,
1032,43.105269 ,141.243676 ,北海道札幌市手稲区富丘五条４丁目１２,01109,手稲区,1,歩道用,
1033,43.109459 ,141.254423 ,北海道札幌市手稲区富丘一条４丁目３,01109,手稲区,2,歩道用,
1034,43.093246 ,141.256142 ,北海道札幌市手稲区西宮の沢六条２丁目４,01109,手稲区,5,歩道用,
1035,43.093034 ,141.255458 ,北海道札幌市手稲区西宮の沢六条２丁目４,01109,手稲区,6,歩道用,
1036,43.093947 ,141.255858 ,北海道札幌市手稲区西宮の沢五条２丁目,01109,手稲区,7,歩道用,
1037,43.093538 ,141.255549 ,北海道札幌市手稲区西宮の沢六条２丁目４,01109,手稲区,8,歩道用,
1038,43.104142 ,141.244760 ,北海道札幌市手稲区富丘五条４丁目８,01109,手稲区,9,歩道用,
1039,43.111918 ,141.257099 ,北海道札幌市手稲区富丘一条４丁目５,01109,手稲区,10,歩道用,
1040,43.118917 ,141.239229 ,北海道札幌市手稲区手稲本町二条４丁目１,01109,手稲区,11,歩道用,
1041,43.117138 ,141.233332 ,北海道札幌市手稲区手稲本町五条４丁目５,01109,手稲区,16,歩道用,
1042,43.105313 ,141.247246 ,北海道札幌市手稲区富丘四条４丁目４,01109,手稲区,17,歩道用,
1043,43.090973 ,141.256569 ,北海道札幌市手稲区西宮の沢六条１丁目１２,01109,手稲区,18,歩道用,
1044,43.105860 ,141.257715 ,北海道札幌市手稲区西宮の沢二条５丁目１,01109,手稲区,19,歩道用,
1045,43.138685 ,141.208922 ,北海道札幌市手稲区星置三条４丁目３,01109,手稲区,1,歩道用,
1046,43.116041 ,141.240619 ,北海道札幌市手稲区手稲本町三条２丁目６,01109,手稲区,2,歩道用,
1047,43.116354 ,141.241320 ,北海道札幌市手稲区手稲本町三条２丁目６,01109,手稲区,3,歩道用,
1048,43.119656 ,141.242744 ,北海道札幌市手稲区手稲本町一条３丁目３,01109,手稲区,1,歩道用,
1049,43.121328 ,141.247672 ,北海道札幌市手稲区前田一条１１丁目１,01109,手稲区,6,歩道用,
1050,43.122666 ,141.245860 ,北海道札幌市手稲区前田二条１１丁目３,01109,手稲区,9,歩道用,
1051,43.122455 ,141.246191 ,北海道札幌市手稲区前田二条１１丁目３,01109,手稲区,10,歩道用,
1052,43.122358 ,141.245981 ,北海道札幌市手稲区前田一条１１丁目１,01109,手稲区,11,歩道用,
1053,43.122497 ,141.245713 ,北海道札幌市手稲区前田一条１２丁目２,01109,手稲区,12,歩道用,
1054,43.126168 ,141.253999 ,北海道札幌市手稲区前田六条１１丁目１,01109,手稲区,13,歩道用,
1055,43.120962 ,141.261960 ,北海道札幌市手稲区前田六条６丁目１,01109,手稲区,14,歩道用,
1056,43.125904 ,141.254025 ,北海道札幌市手稲区前田五条１０丁目５,01109,手稲区,15,歩道用,
1057,43.120905 ,141.261680 ,北海道札幌市手稲区前田五条７丁目４,01109,手稲区,16,歩道用,
1058,43.121443 ,141.247833 ,北海道札幌市手稲区前田二条１１丁目１,01109,手稲区,23,歩道用,
1059,43.121079 ,141.248604 ,北海道札幌市手稲区前田二条１０丁目１,01109,手稲区,24,歩道用,
1060,43.120978 ,141.248323 ,北海道札幌市手稲区前田二条１０丁目２,01109,手稲区,25,歩道用,
1061,43.121264 ,141.247831 ,北海道札幌市手稲区前田二条１０丁目２,01109,手稲区,26,歩道用,
1062,43.125127 ,141.241772 ,北海道札幌市手稲区曙二条１丁目１,01109,手稲区,27,歩道用,
1063,43.124819 ,141.242013 ,北海道札幌市手稲区前田一条１２丁目５,01109,手稲区,28,歩道用,
1064,43.126038 ,141.254252 ,北海道札幌市手稲区前田六条１０丁目２,01109,手稲区,29,歩道用,
1065,43.126004 ,141.253744 ,北海道札幌市手稲区前田五条１１丁目７,01109,手稲区,30,歩道用,
